
*** Running vivado
    with args -log simple_io.vdi -applog -m64 -product Vivado -messageDb vivado.pb -mode batch -source simple_io.tcl -notrace



****** Vivado v2024.1 (64-bit)
  **** SW Build 5076996 on Wed May 22 18:37:14 MDT 2024
  **** IP Build 5075265 on Wed May 22 21:45:21 MDT 2024
  **** SharedData Build 5076995 on Wed May 22 18:29:18 MDT 2024
  **** Start of session at: Tue Mar  4 22:45:18 2025
    ** Copyright 1986-2022 Xilinx, Inc. All Rights Reserved.
    ** Copyright 2022-2024 Advanced Micro Devices, Inc. All Rights Reserved.

source simple_io.tcl -notrace
INFO: [IP_Flow 19-234] Refreshing IP repositories
INFO: [IP_Flow 19-1700] Loaded user IP repository 'c:/Users/arg/Documents/GitHub/FPGA/First_Project'.
WARNING: [IP_Flow 19-3656] If you move the project, the path for repository 'c:/Users/arg/Documents/GitHub/FPGA/First_Project' may become invalid. A better location for the repository would be in a path adjacent to the project. (Current project location is 'c:/Users/arg/Documents/GitHub/FPGA/First_Project/First_Project.runs/impl_1'.)
INFO: [IP_Flow 19-2313] Loaded Vivado IP repository 'C:/Xilinx/Vivado/2024.1/data/ip'.
Command: link_design -top simple_io -part xc7a35tcpg236-1
Design is defaulting to srcset: sources_1
Design is defaulting to constrset: constrs_1
INFO: [Device 21-403] Loading part xc7a35tcpg236-1
INFO: [Device 21-9227] Part: xc7a35tcpg236-1 does not have CEAM library.
INFO: [Project 1-454] Reading design checkpoint 'c:/Users/arg/Documents/GitHub/FPGA/First_Project/First_Project.gen/sources_1/ip/clk_wiz_0/clk_wiz_0.dcp' for cell 'clock_wiz_0'
INFO: [Project 1-454] Reading design checkpoint 'c:/Users/arg/Documents/GitHub/FPGA/First_Project/First_Project.gen/sources_1/ip/fifo_generator_0/fifo_generator_0.dcp' for cell 'dmic_fifo'
INFO: [Project 1-454] Reading design checkpoint 'c:/Users/arg/Documents/GitHub/FPGA/First_Project/First_Project.gen/sources_1/ip/blk_mem_gen_18/blk_mem_gen_18.dcp' for cell 'core_0/cic_controller_inst/state_bram_inst'
INFO: [Project 1-454] Reading design checkpoint 'c:/Users/arg/Documents/GitHub/FPGA/First_Project/First_Project.gen/sources_1/ip/blk_mem_gen_0/blk_mem_gen_0.dcp' for cell 'core_0/ram_new/bram0'
INFO: [Project 1-454] Reading design checkpoint 'c:/Users/arg/Documents/GitHub/FPGA/First_Project/First_Project.gen/sources_1/ip/fifo_generator_2/fifo_generator_2.dcp' for cell 'output_terminal_inst/uart_fifo_inst'
Netlist sorting complete. Time (s): cpu = 00:00:00 ; elapsed = 00:00:00.048 . Memory (MB): peak = 1044.879 ; gain = 0.000
INFO: [Netlist 29-17] Analyzing 122 Unisim elements for replacement
INFO: [Netlist 29-28] Unisim Transformation completed in 1 CPU seconds
INFO: [Project 1-479] Netlist was created with Vivado 2024.1
INFO: [Project 1-570] Preparing netlist for logic optimization
Parsing XDC File [c:/Users/arg/Documents/GitHub/FPGA/First_Project/First_Project.gen/sources_1/ip/clk_wiz_0/clk_wiz_0_board.xdc] for cell 'clock_wiz_0/inst'
Finished Parsing XDC File [c:/Users/arg/Documents/GitHub/FPGA/First_Project/First_Project.gen/sources_1/ip/clk_wiz_0/clk_wiz_0_board.xdc] for cell 'clock_wiz_0/inst'
Parsing XDC File [c:/Users/arg/Documents/GitHub/FPGA/First_Project/First_Project.gen/sources_1/ip/clk_wiz_0/clk_wiz_0.xdc] for cell 'clock_wiz_0/inst'
INFO: [Timing 38-35] Done setting XDC timing constraints. [c:/Users/arg/Documents/GitHub/FPGA/First_Project/First_Project.gen/sources_1/ip/clk_wiz_0/clk_wiz_0.xdc:54]
INFO: [Timing 38-2] Deriving generated clocks [c:/Users/arg/Documents/GitHub/FPGA/First_Project/First_Project.gen/sources_1/ip/clk_wiz_0/clk_wiz_0.xdc:54]
Finished Parsing XDC File [c:/Users/arg/Documents/GitHub/FPGA/First_Project/First_Project.gen/sources_1/ip/clk_wiz_0/clk_wiz_0.xdc] for cell 'clock_wiz_0/inst'
Parsing XDC File [c:/Users/arg/Documents/GitHub/FPGA/First_Project/First_Project.gen/sources_1/ip/fifo_generator_0/fifo_generator_0.xdc] for cell 'dmic_fifo/U0'
Finished Parsing XDC File [c:/Users/arg/Documents/GitHub/FPGA/First_Project/First_Project.gen/sources_1/ip/fifo_generator_0/fifo_generator_0.xdc] for cell 'dmic_fifo/U0'
Parsing XDC File [c:/Users/arg/Documents/GitHub/FPGA/First_Project/First_Project.gen/sources_1/ip/fifo_generator_0/fifo_generator_0.xdc] for cell 'output_fifo/U0'
Finished Parsing XDC File [c:/Users/arg/Documents/GitHub/FPGA/First_Project/First_Project.gen/sources_1/ip/fifo_generator_0/fifo_generator_0.xdc] for cell 'output_fifo/U0'
Parsing XDC File [c:/Users/arg/Documents/GitHub/FPGA/First_Project/First_Project.gen/sources_1/ip/fifo_generator_2/fifo_generator_2.xdc] for cell 'output_terminal_inst/uart_fifo_inst/U0'
Finished Parsing XDC File [c:/Users/arg/Documents/GitHub/FPGA/First_Project/First_Project.gen/sources_1/ip/fifo_generator_2/fifo_generator_2.xdc] for cell 'output_terminal_inst/uart_fifo_inst/U0'
Parsing XDC File [C:/Users/arg/Documents/GitHub/FPGA/First_Project/First_Project.srcs/constrs_1/imports/Downloads/Basys3_Master.xdc]
WARNING: [Vivado 12-584] No ports matched 'RsRx'. [C:/Users/arg/Documents/GitHub/FPGA/First_Project/First_Project.srcs/constrs_1/imports/Downloads/Basys3_Master.xdc:273]
CRITICAL WARNING: [Common 17-55] 'set_property' expects at least one object. [C:/Users/arg/Documents/GitHub/FPGA/First_Project/First_Project.srcs/constrs_1/imports/Downloads/Basys3_Master.xdc:273]
Resolution: If [get_<value>] was used to populate the object, check to make sure this command returns at least one valid object.
WARNING: [Vivado 12-584] No ports matched 'RsRx'. [C:/Users/arg/Documents/GitHub/FPGA/First_Project/First_Project.srcs/constrs_1/imports/Downloads/Basys3_Master.xdc:274]
CRITICAL WARNING: [Common 17-55] 'set_property' expects at least one object. [C:/Users/arg/Documents/GitHub/FPGA/First_Project/First_Project.srcs/constrs_1/imports/Downloads/Basys3_Master.xdc:274]
Resolution: If [get_<value>] was used to populate the object, check to make sure this command returns at least one valid object.
Finished Parsing XDC File [C:/Users/arg/Documents/GitHub/FPGA/First_Project/First_Project.srcs/constrs_1/imports/Downloads/Basys3_Master.xdc]
Parsing XDC File [c:/Users/arg/Documents/GitHub/FPGA/First_Project/First_Project.gen/sources_1/ip/fifo_generator_0/fifo_generator_0_clocks.xdc] for cell 'dmic_fifo/U0'
Finished Parsing XDC File [c:/Users/arg/Documents/GitHub/FPGA/First_Project/First_Project.gen/sources_1/ip/fifo_generator_0/fifo_generator_0_clocks.xdc] for cell 'dmic_fifo/U0'
Parsing XDC File [c:/Users/arg/Documents/GitHub/FPGA/First_Project/First_Project.gen/sources_1/ip/fifo_generator_0/fifo_generator_0_clocks.xdc] for cell 'output_fifo/U0'
Finished Parsing XDC File [c:/Users/arg/Documents/GitHub/FPGA/First_Project/First_Project.gen/sources_1/ip/fifo_generator_0/fifo_generator_0_clocks.xdc] for cell 'output_fifo/U0'
INFO: [Project 1-1714] 4 XPM XDC files have been applied to the design.
INFO: [Opt 31-138] Pushed 0 inverter(s) to 0 load pin(s).
Netlist sorting complete. Time (s): cpu = 00:00:00 ; elapsed = 00:00:00.001 . Memory (MB): peak = 1729.012 ; gain = 0.000
INFO: [Project 1-111] Unisim Transformation Summary:
No Unisim elements were transformed.

19 Infos, 3 Warnings, 2 Critical Warnings and 0 Errors encountered.
link_design completed successfully
link_design: Time (s): cpu = 00:00:07 ; elapsed = 00:00:07 . Memory (MB): peak = 1729.012 ; gain = 1122.617
Command: opt_design
Attempting to get a license for feature 'Implementation' and/or device 'xc7a35t'
INFO: [Common 17-349] Got license for feature 'Implementation' and/or device 'xc7a35t'
Running DRC as a precondition to command opt_design

Starting DRC Task
INFO: [DRC 23-27] Running DRC with 2 threads
INFO: [Project 1-461] DRC finished with 0 Errors, 18 Warnings
INFO: [Project 1-462] Please refer to the DRC report (report_drc) for more information.

Time (s): cpu = 00:00:01 ; elapsed = 00:00:00.650 . Memory (MB): peak = 1729.012 ; gain = 0.000

Starting Cache Timing Information Task
INFO: [Timing 38-35] Done setting XDC timing constraints.
Ending Cache Timing Information Task | Checksum: 24de945e4

Time (s): cpu = 00:00:00 ; elapsed = 00:00:00.083 . Memory (MB): peak = 1729.012 ; gain = 0.000

Starting Logic Optimization Task

Phase 1 Initialization

Phase 1.1 Core Generation And Design Setup
Phase 1.1 Core Generation And Design Setup | Checksum: 24de945e4

Time (s): cpu = 00:00:00 ; elapsed = 00:00:00.001 . Memory (MB): peak = 2082.852 ; gain = 0.000

Phase 1.2 Setup Constraints And Sort Netlist
Phase 1.2 Setup Constraints And Sort Netlist | Checksum: 24de945e4

Time (s): cpu = 00:00:00 ; elapsed = 00:00:00.003 . Memory (MB): peak = 2082.852 ; gain = 0.000
Phase 1 Initialization | Checksum: 24de945e4

Time (s): cpu = 00:00:00 ; elapsed = 00:00:00.003 . Memory (MB): peak = 2082.852 ; gain = 0.000

Phase 2 Timer Update And Timing Data Collection

Phase 2.1 Timer Update
Phase 2.1 Timer Update | Checksum: 24de945e4

Time (s): cpu = 00:00:00 ; elapsed = 00:00:00.051 . Memory (MB): peak = 2082.852 ; gain = 0.000

Phase 2.2 Timing Data Collection
Phase 2.2 Timing Data Collection | Checksum: 24de945e4

Time (s): cpu = 00:00:00 ; elapsed = 00:00:00.062 . Memory (MB): peak = 2082.852 ; gain = 0.000
Phase 2 Timer Update And Timing Data Collection | Checksum: 24de945e4

Time (s): cpu = 00:00:00 ; elapsed = 00:00:00.062 . Memory (MB): peak = 2082.852 ; gain = 0.000

Phase 3 Retarget
INFO: [Opt 31-1834] Total Chains To Be Transformed Were: 0 AND Number of Transformed insts Created are: 0
INFO: [Opt 31-138] Pushed 2 inverter(s) to 5 load pin(s).
INFO: [Opt 31-49] Retargeted 0 cell(s).
Phase 3 Retarget | Checksum: 1a8439fe4

Time (s): cpu = 00:00:00 ; elapsed = 00:00:00.086 . Memory (MB): peak = 2082.852 ; gain = 0.000
Retarget | Checksum: 1a8439fe4
INFO: [Opt 31-389] Phase Retarget created 0 cells and removed 3 cells
INFO: [Opt 31-1021] In phase Retarget, 3 netlist objects are constrained preventing optimization. Please run opt_design with -debug_log to get more detail. 

Phase 4 Constant propagation
INFO: [Opt 31-138] Pushed 0 inverter(s) to 0 load pin(s).
Phase 4 Constant propagation | Checksum: 260c40fbd

Time (s): cpu = 00:00:00 ; elapsed = 00:00:00.093 . Memory (MB): peak = 2082.852 ; gain = 0.000
Constant propagation | Checksum: 260c40fbd
INFO: [Opt 31-389] Phase Constant propagation created 0 cells and removed 0 cells
INFO: [Opt 31-1021] In phase Constant propagation, 2 netlist objects are constrained preventing optimization. Please run opt_design with -debug_log to get more detail. 

Phase 5 Sweep
Phase 5 Sweep | Checksum: 283a5a2a9

Time (s): cpu = 00:00:00 ; elapsed = 00:00:00.139 . Memory (MB): peak = 2082.852 ; gain = 0.000
Sweep | Checksum: 283a5a2a9
INFO: [Opt 31-389] Phase Sweep created 0 cells and removed 45 cells
INFO: [Opt 31-1021] In phase Sweep, 26 netlist objects are constrained preventing optimization. Please run opt_design with -debug_log to get more detail. 

Phase 6 BUFG optimization
Phase 6 BUFG optimization | Checksum: 283a5a2a9

Time (s): cpu = 00:00:00 ; elapsed = 00:00:00.168 . Memory (MB): peak = 2082.852 ; gain = 0.000
BUFG optimization | Checksum: 283a5a2a9
INFO: [Opt 31-662] Phase BUFG optimization created 0 cells of which 0 are BUFGs and removed 0 cells.

Phase 7 Shift Register Optimization
INFO: [Opt 31-1064] SRL Remap converted 0 SRLs to 0 registers and converted 0 registers of register chains to 0 SRLs
Phase 7 Shift Register Optimization | Checksum: 283a5a2a9

Time (s): cpu = 00:00:00 ; elapsed = 00:00:00.172 . Memory (MB): peak = 2082.852 ; gain = 0.000
Shift Register Optimization | Checksum: 283a5a2a9
INFO: [Opt 31-389] Phase Shift Register Optimization created 0 cells and removed 0 cells

Phase 8 Post Processing Netlist
Phase 8 Post Processing Netlist | Checksum: 283a5a2a9

Time (s): cpu = 00:00:00 ; elapsed = 00:00:00.177 . Memory (MB): peak = 2082.852 ; gain = 0.000
Post Processing Netlist | Checksum: 283a5a2a9
INFO: [Opt 31-389] Phase Post Processing Netlist created 0 cells and removed 0 cells
INFO: [Opt 31-1021] In phase Post Processing Netlist, 3 netlist objects are constrained preventing optimization. Please run opt_design with -debug_log to get more detail. 

Phase 9 Finalization

Phase 9.1 Finalizing Design Cores and Updating Shapes
Phase 9.1 Finalizing Design Cores and Updating Shapes | Checksum: 26c00a431

Time (s): cpu = 00:00:00 ; elapsed = 00:00:00.219 . Memory (MB): peak = 2082.852 ; gain = 0.000

Phase 9.2 Verifying Netlist Connectivity

Starting Connectivity Check Task

Time (s): cpu = 00:00:00 ; elapsed = 00:00:00.001 . Memory (MB): peak = 2082.852 ; gain = 0.000
Phase 9.2 Verifying Netlist Connectivity | Checksum: 26c00a431

Time (s): cpu = 00:00:00 ; elapsed = 00:00:00.221 . Memory (MB): peak = 2082.852 ; gain = 0.000
Phase 9 Finalization | Checksum: 26c00a431

Time (s): cpu = 00:00:00 ; elapsed = 00:00:00.222 . Memory (MB): peak = 2082.852 ; gain = 0.000
Opt_design Change Summary
=========================


-------------------------------------------------------------------------------------------------------------------------
|  Phase                        |  #Cells created  |  #Cells Removed  |  #Constrained objects preventing optimizations  |
-------------------------------------------------------------------------------------------------------------------------
|  Retarget                     |               0  |               3  |                                              3  |
|  Constant propagation         |               0  |               0  |                                              2  |
|  Sweep                        |               0  |              45  |                                             26  |
|  BUFG optimization            |               0  |               0  |                                              0  |
|  Shift Register Optimization  |               0  |               0  |                                              0  |
|  Post Processing Netlist      |               0  |               0  |                                              3  |
-------------------------------------------------------------------------------------------------------------------------


Ending Logic Optimization Task | Checksum: 26c00a431

Time (s): cpu = 00:00:00 ; elapsed = 00:00:00.222 . Memory (MB): peak = 2082.852 ; gain = 0.000

Starting Power Optimization Task
INFO: [Pwropt 34-132] Skipping clock gating for clocks with a period < 2.00 ns.
INFO: [Timing 38-35] Done setting XDC timing constraints.
Running Vector-less Activity Propagation...

Finished Running Vector-less Activity Propagation
INFO: [Pwropt 34-9] Applying IDT optimizations ...
INFO: [Pwropt 34-10] Applying ODC optimizations ...


Starting PowerOpt Patch Enables Task
INFO: [Pwropt 34-162] WRITE_MODE attribute of 1 BRAM(s) out of a total of 22 has been updated to save power. Run report_power_opt to get a complete listing of the BRAMs updated.
INFO: [Pwropt 34-201] Structural ODC has moved 16 WE to EN ports
Number of BRAM Ports augmented: 0 newly gated: 37 Total Ports: 44
Ending PowerOpt Patch Enables Task | Checksum: 27e72f7ed

Time (s): cpu = 00:00:00 ; elapsed = 00:00:00.047 . Memory (MB): peak = 2230.547 ; gain = 0.000
Ending Power Optimization Task | Checksum: 27e72f7ed

Time (s): cpu = 00:00:02 ; elapsed = 00:00:01 . Memory (MB): peak = 2230.547 ; gain = 147.695

Starting Final Cleanup Task
Ending Final Cleanup Task | Checksum: 27e72f7ed

Time (s): cpu = 00:00:00 ; elapsed = 00:00:00.001 . Memory (MB): peak = 2230.547 ; gain = 0.000

Starting Netlist Obfuscation Task
Netlist sorting complete. Time (s): cpu = 00:00:00 ; elapsed = 00:00:00.004 . Memory (MB): peak = 2230.547 ; gain = 0.000
Ending Netlist Obfuscation Task | Checksum: 26a3d3435

Time (s): cpu = 00:00:00 ; elapsed = 00:00:00.005 . Memory (MB): peak = 2230.547 ; gain = 0.000
INFO: [Common 17-83] Releasing license: Implementation
46 Infos, 3 Warnings, 2 Critical Warnings and 0 Errors encountered.
opt_design completed successfully
INFO: [Vivado 12-24828] Executing command : report_drc -file simple_io_drc_opted.rpt -pb simple_io_drc_opted.pb -rpx simple_io_drc_opted.rpx
Command: report_drc -file simple_io_drc_opted.rpt -pb simple_io_drc_opted.pb -rpx simple_io_drc_opted.rpx
INFO: [IP_Flow 19-1839] IP Catalog is up to date.
INFO: [DRC 23-27] Running DRC with 2 threads
INFO: [Vivado_Tcl 2-168] The results of DRC are in file C:/Users/arg/Documents/GitHub/FPGA/First_Project/First_Project.runs/impl_1/simple_io_drc_opted.rpt.
report_drc completed successfully
INFO: [Timing 38-480] Writing timing data to binary archive.
Write ShapeDB Complete: Time (s): cpu = 00:00:00 ; elapsed = 00:00:00.003 . Memory (MB): peak = 2230.547 ; gain = 0.000
Wrote PlaceDB: Time (s): cpu = 00:00:00 ; elapsed = 00:00:00.002 . Memory (MB): peak = 2230.547 ; gain = 0.000
Wrote PulsedLatchDB: Time (s): cpu = 00:00:00 ; elapsed = 00:00:00 . Memory (MB): peak = 2230.547 ; gain = 0.000
Writing XDEF routing.
Writing XDEF routing logical nets.
Writing XDEF routing special nets.
Wrote RouteStorage: Time (s): cpu = 00:00:00 ; elapsed = 00:00:00.031 . Memory (MB): peak = 2230.547 ; gain = 0.000
Wrote Netlist Cache: Time (s): cpu = 00:00:00 ; elapsed = 00:00:00 . Memory (MB): peak = 2230.547 ; gain = 0.000
Wrote Device Cache: Time (s): cpu = 00:00:00 ; elapsed = 00:00:00.004 . Memory (MB): peak = 2230.547 ; gain = 0.000
Write Physdb Complete: Time (s): cpu = 00:00:00 ; elapsed = 00:00:00.040 . Memory (MB): peak = 2230.547 ; gain = 0.000
INFO: [Common 17-1381] The checkpoint 'C:/Users/arg/Documents/GitHub/FPGA/First_Project/First_Project.runs/impl_1/simple_io_opt.dcp' has been generated.
Command: place_design
Attempting to get a license for feature 'Implementation' and/or device 'xc7a35t'
INFO: [Common 17-349] Got license for feature 'Implementation' and/or device 'xc7a35t'
INFO: [Common 17-83] Releasing license: Implementation
INFO: [DRC 23-27] Running DRC with 2 threads
INFO: [Vivado_Tcl 4-198] DRC finished with 0 Errors
INFO: [Vivado_Tcl 4-199] Please refer to the DRC report (report_drc) for more information.
Running DRC as a precondition to command place_design
INFO: [DRC 23-27] Running DRC with 2 threads
INFO: [Vivado_Tcl 4-198] DRC finished with 0 Errors, 60 Warnings
INFO: [Vivado_Tcl 4-199] Please refer to the DRC report (report_drc) for more information.
INFO: [Place 30-611] Multithreading enabled for place_design using a maximum of 2 CPUs

Starting Placer Task

Phase 1 Placer Initialization

Phase 1.1 Placer Initialization Netlist Sorting
Netlist sorting complete. Time (s): cpu = 00:00:00 ; elapsed = 00:00:00.001 . Memory (MB): peak = 2230.547 ; gain = 0.000
Phase 1.1 Placer Initialization Netlist Sorting | Checksum: 1f48db907

Time (s): cpu = 00:00:00 ; elapsed = 00:00:00.006 . Memory (MB): peak = 2230.547 ; gain = 0.000
Netlist sorting complete. Time (s): cpu = 00:00:00 ; elapsed = 00:00:00.001 . Memory (MB): peak = 2230.547 ; gain = 0.000

Phase 1.2 IO Placement/ Clock Placement/ Build Placer Device
INFO: [Timing 38-35] Done setting XDC timing constraints.
Phase 1.2 IO Placement/ Clock Placement/ Build Placer Device | Checksum: 25693dc14

Time (s): cpu = 00:00:00 ; elapsed = 00:00:00.218 . Memory (MB): peak = 2230.547 ; gain = 0.000

Phase 1.3 Build Placer Netlist Model
Phase 1.3 Build Placer Netlist Model | Checksum: 2de3d3130

Time (s): cpu = 00:00:01 ; elapsed = 00:00:00.494 . Memory (MB): peak = 2230.547 ; gain = 0.000

Phase 1.4 Constrain Clocks/Macros
Phase 1.4 Constrain Clocks/Macros | Checksum: 2de3d3130

Time (s): cpu = 00:00:01 ; elapsed = 00:00:00.497 . Memory (MB): peak = 2230.547 ; gain = 0.000
Phase 1 Placer Initialization | Checksum: 2de3d3130

Time (s): cpu = 00:00:01 ; elapsed = 00:00:00.504 . Memory (MB): peak = 2230.547 ; gain = 0.000

Phase 2 Global Placement

Phase 2.1 Floorplanning
Phase 2.1 Floorplanning | Checksum: 2f7009a0c

Time (s): cpu = 00:00:01 ; elapsed = 00:00:00.677 . Memory (MB): peak = 2230.547 ; gain = 0.000

Phase 2.2 Update Timing before SLR Path Opt
Phase 2.2 Update Timing before SLR Path Opt | Checksum: 3093cccab

Time (s): cpu = 00:00:01 ; elapsed = 00:00:00.738 . Memory (MB): peak = 2230.547 ; gain = 0.000

Phase 2.3 Post-Processing in Floorplanning
Phase 2.3 Post-Processing in Floorplanning | Checksum: 3093cccab

Time (s): cpu = 00:00:01 ; elapsed = 00:00:00.741 . Memory (MB): peak = 2230.547 ; gain = 0.000

Phase 2.4 Global Placement Core

Phase 2.4.1 UpdateTiming Before Physical Synthesis
Phase 2.4.1 UpdateTiming Before Physical Synthesis | Checksum: 207b247d8

Time (s): cpu = 00:00:05 ; elapsed = 00:00:03 . Memory (MB): peak = 2230.547 ; gain = 0.000

Phase 2.4.2 Physical Synthesis In Placer
INFO: [Physopt 32-1035] Found 5 LUTNM shape to break, 7 LUT instances to create LUTNM shape
INFO: [Physopt 32-1044] Break lutnm for timing: one critical 0, two critical 5, total 5, new lutff created 0
INFO: [Physopt 32-1138] End 1 Pass. Optimized 8 nets or LUTs. Breaked 5 LUTs, combined 3 existing LUTs and moved 0 existing LUT
INFO: [Physopt 32-65] No nets found for high-fanout optimization.
INFO: [Physopt 32-232] Optimized 0 net. Created 0 new instance.
INFO: [Physopt 32-775] End 1 Pass. Optimized 0 net or cell. Created 0 new cell, deleted 0 existing cell and moved 0 existing cell
INFO: [Physopt 32-76] Pass 1. Identified 1 candidate net for fanout optimization.
INFO: [Physopt 32-81] Processed net output_fifo_wr_en. Replicated 2 times.
INFO: [Physopt 32-232] Optimized 1 net. Created 2 new instances.
INFO: [Physopt 32-775] End 1 Pass. Optimized 1 net or cell. Created 2 new cells, deleted 0 existing cell and moved 0 existing cell
Netlist sorting complete. Time (s): cpu = 00:00:00 ; elapsed = 00:00:00.019 . Memory (MB): peak = 2230.547 ; gain = 0.000
INFO: [Physopt 32-46] Identified 28 candidate nets for critical-cell optimization.
INFO: [Physopt 32-81] Processed net core_0/ram_new/out[0]. Replicated 1 times.
INFO: [Physopt 32-81] Processed net core_0/ram_new/out[3]. Replicated 1 times.
INFO: [Physopt 32-81] Processed net core_0/ram_new/out[4]. Replicated 1 times.
INFO: [Physopt 32-81] Processed net core_0/ram_new/out[7]. Replicated 1 times.
INFO: [Physopt 32-81] Processed net core_0/ram_new/out[2]. Replicated 1 times.
INFO: [Physopt 32-81] Processed net core_0/ram_new/out[6]. Replicated 1 times.
INFO: [Physopt 32-81] Processed net core_0/ram_new/out[8]. Replicated 1 times.
INFO: [Physopt 32-571] Net core_0/cic_controller_inst/addrb[0] was not replicated.
INFO: [Physopt 32-81] Processed net core_0/cic_controller_inst/addrb[1]. Replicated 1 times.
INFO: [Physopt 32-81] Processed net core_0/cic_controller_inst/addrb[2]. Replicated 1 times.
INFO: [Physopt 32-571] Net core_0/cic_controller_inst/addrb[3] was not replicated.
INFO: [Physopt 32-571] Net core_0/cic_controller_inst/addrb[4] was not replicated.
INFO: [Physopt 32-81] Processed net core_0/cic_controller_inst/addrb[7]. Replicated 1 times.
INFO: [Physopt 32-81] Processed net core_0/ram_new/out[11]. Replicated 1 times.
INFO: [Physopt 32-571] Net core_0/cic_controller_inst/addrb[5] was not replicated.
INFO: [Physopt 32-81] Processed net core_0/cic_controller_inst/addrb[6]. Replicated 1 times.
INFO: [Physopt 32-571] Net core_0/cic_controller_inst/addrb[8] was not replicated.
INFO: [Physopt 32-81] Processed net core_0/cic_controller_inst/addrb[10]. Replicated 1 times.
INFO: [Physopt 32-81] Processed net core_0/cic_controller_inst/addrb[11]. Replicated 1 times.
INFO: [Physopt 32-81] Processed net core_0/cic_controller_inst/addrb[9]. Replicated 1 times.
INFO: [Physopt 32-81] Processed net core_0/ram_new/out[10]. Replicated 1 times.
INFO: [Physopt 32-81] Processed net core_0/cic_controller_inst/addrb[12]. Replicated 1 times.
INFO: [Physopt 32-81] Processed net core_0/cic_controller_inst/addrb[13]. Replicated 1 times.
INFO: [Physopt 32-232] Optimized 18 nets. Created 18 new instances.
INFO: [Physopt 32-775] End 1 Pass. Optimized 18 nets or cells. Created 18 new cells, deleted 0 existing cell and moved 0 existing cell
Netlist sorting complete. Time (s): cpu = 00:00:00 ; elapsed = 00:00:00.027 . Memory (MB): peak = 2230.547 ; gain = 0.000
INFO: [Physopt 32-456] No candidate cells for DSP register optimization found in the design.
INFO: [Physopt 32-775] End 2 Pass. Optimized 0 net or cell. Created 0 new cell, deleted 0 existing cell and moved 0 existing cell
INFO: [Physopt 32-1123] No candidate cells found for Shift Register to Pipeline optimization
INFO: [Physopt 32-775] End 2 Pass. Optimized 0 net or cell. Created 0 new cell, deleted 0 existing cell and moved 0 existing cell
INFO: [Physopt 32-1401] No candidate cells found for Shift Register optimization.
INFO: [Physopt 32-677] No candidate cells for Shift Register optimization found in the design
INFO: [Physopt 32-775] End 1 Pass. Optimized 0 net or cell. Created 0 new cell, deleted 0 existing cell and moved 0 existing cell
INFO: [Physopt 32-527] Pass 1: Identified 16 candidate cells for BRAM register optimization
INFO: [Physopt 32-665] Processed cell core_0/ram_new/bram3/U0/inst_blk_mem_gen/gnbram.gnativebmg.native_blk_mem_gen/valid.cstr/ramloop[0].ram.r/prim_noinit.ram/DEVICE_7SERIES.NO_BMM_INFO.TRUE_DP.SIMPLE_PRIM18.ram. 1 register was pushed out.
INFO: [Physopt 32-665] Processed cell core_0/ram_new/bram5/U0/inst_blk_mem_gen/gnbram.gnativebmg.native_blk_mem_gen/valid.cstr/ramloop[0].ram.r/prim_noinit.ram/DEVICE_7SERIES.NO_BMM_INFO.TRUE_DP.SIMPLE_PRIM18.ram. 1 register was pushed out.
INFO: [Physopt 32-665] Processed cell core_0/ram_new/bram11/U0/inst_blk_mem_gen/gnbram.gnativebmg.native_blk_mem_gen/valid.cstr/ramloop[0].ram.r/prim_noinit.ram/DEVICE_7SERIES.NO_BMM_INFO.TRUE_DP.SIMPLE_PRIM18.ram. 1 register was pushed out.
INFO: [Physopt 32-665] Processed cell core_0/ram_new/bram2/U0/inst_blk_mem_gen/gnbram.gnativebmg.native_blk_mem_gen/valid.cstr/ramloop[0].ram.r/prim_noinit.ram/DEVICE_7SERIES.NO_BMM_INFO.TRUE_DP.SIMPLE_PRIM18.ram. 1 register was pushed out.
INFO: [Physopt 32-665] Processed cell core_0/ram_new/bram10/U0/inst_blk_mem_gen/gnbram.gnativebmg.native_blk_mem_gen/valid.cstr/ramloop[0].ram.r/prim_noinit.ram/DEVICE_7SERIES.NO_BMM_INFO.TRUE_DP.SIMPLE_PRIM18.ram. 1 register was pushed out.
INFO: [Physopt 32-665] Processed cell core_0/ram_new/bram12/U0/inst_blk_mem_gen/gnbram.gnativebmg.native_blk_mem_gen/valid.cstr/ramloop[0].ram.r/prim_noinit.ram/DEVICE_7SERIES.NO_BMM_INFO.TRUE_DP.SIMPLE_PRIM18.ram. 1 register was pushed out.
INFO: [Physopt 32-665] Processed cell core_0/ram_new/bram7/U0/inst_blk_mem_gen/gnbram.gnativebmg.native_blk_mem_gen/valid.cstr/ramloop[0].ram.r/prim_noinit.ram/DEVICE_7SERIES.NO_BMM_INFO.TRUE_DP.SIMPLE_PRIM18.ram. 1 register was pushed out.
INFO: [Physopt 32-665] Processed cell core_0/ram_new/bram14/U0/inst_blk_mem_gen/gnbram.gnativebmg.native_blk_mem_gen/valid.cstr/ramloop[0].ram.r/prim_noinit.ram/DEVICE_7SERIES.NO_BMM_INFO.TRUE_DP.SIMPLE_PRIM18.ram. 1 register was pushed out.
INFO: [Physopt 32-665] Processed cell core_0/ram_new/bram15/U0/inst_blk_mem_gen/gnbram.gnativebmg.native_blk_mem_gen/valid.cstr/ramloop[0].ram.r/prim_noinit.ram/DEVICE_7SERIES.NO_BMM_INFO.TRUE_DP.SIMPLE_PRIM18.ram. 1 register was pushed out.
INFO: [Physopt 32-665] Processed cell core_0/ram_new/bram13/U0/inst_blk_mem_gen/gnbram.gnativebmg.native_blk_mem_gen/valid.cstr/ramloop[0].ram.r/prim_noinit.ram/DEVICE_7SERIES.NO_BMM_INFO.TRUE_DP.SIMPLE_PRIM18.ram. 1 register was pushed out.
INFO: [Physopt 32-665] Processed cell core_0/ram_new/bram6/U0/inst_blk_mem_gen/gnbram.gnativebmg.native_blk_mem_gen/valid.cstr/ramloop[0].ram.r/prim_noinit.ram/DEVICE_7SERIES.NO_BMM_INFO.TRUE_DP.SIMPLE_PRIM18.ram. 1 register was pushed out.
INFO: [Physopt 32-665] Processed cell core_0/ram_new/bram4/U0/inst_blk_mem_gen/gnbram.gnativebmg.native_blk_mem_gen/valid.cstr/ramloop[0].ram.r/prim_noinit.ram/DEVICE_7SERIES.NO_BMM_INFO.TRUE_DP.SIMPLE_PRIM18.ram. 1 register was pushed out.
INFO: [Physopt 32-665] Processed cell core_0/ram_new/bram8/U0/inst_blk_mem_gen/gnbram.gnativebmg.native_blk_mem_gen/valid.cstr/ramloop[0].ram.r/prim_noinit.ram/DEVICE_7SERIES.NO_BMM_INFO.TRUE_DP.SIMPLE_PRIM18.ram. 1 register was pushed out.
INFO: [Physopt 32-665] Processed cell core_0/ram_new/bram1/U0/inst_blk_mem_gen/gnbram.gnativebmg.native_blk_mem_gen/valid.cstr/ramloop[0].ram.r/prim_noinit.ram/DEVICE_7SERIES.NO_BMM_INFO.TRUE_DP.SIMPLE_PRIM18.ram. 1 register was pushed out.
INFO: [Physopt 32-665] Processed cell core_0/ram_new/bram9/U0/inst_blk_mem_gen/gnbram.gnativebmg.native_blk_mem_gen/valid.cstr/ramloop[0].ram.r/prim_noinit.ram/DEVICE_7SERIES.NO_BMM_INFO.TRUE_DP.SIMPLE_PRIM18.ram. 1 register was pushed out.
INFO: [Physopt 32-665] Processed cell core_0/ram_new/bram0/U0/inst_blk_mem_gen/gnbram.gnativebmg.native_blk_mem_gen/valid.cstr/ramloop[0].ram.r/prim_noinit.ram/DEVICE_7SERIES.NO_BMM_INFO.TRUE_DP.SIMPLE_PRIM18.ram. 1 register was pushed out.
INFO: [Physopt 32-775] End 1 Pass. Optimized 16 nets or cells. Created 16 new cells, deleted 0 existing cell and moved 0 existing cell
Netlist sorting complete. Time (s): cpu = 00:00:00 ; elapsed = 00:00:00.026 . Memory (MB): peak = 2230.547 ; gain = 0.000
INFO: [Physopt 32-846] No candidate cells for URAM register optimization found in the design
INFO: [Physopt 32-775] End 1 Pass. Optimized 0 net or cell. Created 0 new cell, deleted 0 existing cell and moved 0 existing cell
INFO: [Physopt 32-846] No candidate cells for URAM register optimization found in the design
INFO: [Physopt 32-775] End 1 Pass. Optimized 0 net or cell. Created 0 new cell, deleted 0 existing cell and moved 0 existing cell
INFO: [Physopt 32-949] No candidate nets found for dynamic/static region interface net replication
INFO: [Physopt 32-775] End 1 Pass. Optimized 0 net or cell. Created 0 new cell, deleted 0 existing cell and moved 0 existing cell
Netlist sorting complete. Time (s): cpu = 00:00:00 ; elapsed = 00:00:00.001 . Memory (MB): peak = 2230.547 ; gain = 0.000

Summary of Physical Synthesis Optimizations
============================================


-----------------------------------------------------------------------------------------------------------------------------------------------------------
|  Optimization                                     |  Added Cells  |  Removed Cells  |  Optimized Cells/Nets  |  Dont Touch  |  Iterations  |  Elapsed   |
-----------------------------------------------------------------------------------------------------------------------------------------------------------
|  LUT Combining                                    |            5  |              3  |                     8  |           0  |           1  |  00:00:00  |
|  Retime                                           |            0  |              0  |                     0  |           0  |           1  |  00:00:00  |
|  Very High Fanout                                 |            0  |              0  |                     0  |           0  |           1  |  00:00:00  |
|  Fanout                                           |            2  |              0  |                     1  |           0  |           1  |  00:00:00  |
|  Critical Cell                                    |           18  |              0  |                    18  |           0  |           1  |  00:00:00  |
|  DSP Register                                     |            0  |              0  |                     0  |           0  |           1  |  00:00:00  |
|  Shift Register to Pipeline                       |            0  |              0  |                     0  |           0  |           1  |  00:00:00  |
|  Shift Register                                   |            0  |              0  |                     0  |           0  |           1  |  00:00:00  |
|  BRAM Register                                    |           16  |              0  |                    16  |           0  |           1  |  00:00:00  |
|  URAM Register                                    |            0  |              0  |                     0  |           0  |           1  |  00:00:00  |
|  Dynamic/Static Region Interface Net Replication  |            0  |              0  |                     0  |           0  |           1  |  00:00:00  |
|  Total                                            |           41  |              3  |                    43  |           0  |          11  |  00:00:00  |
-----------------------------------------------------------------------------------------------------------------------------------------------------------


Phase 2.4.2 Physical Synthesis In Placer | Checksum: 2b581caf9

Time (s): cpu = 00:00:06 ; elapsed = 00:00:04 . Memory (MB): peak = 2230.547 ; gain = 0.000
Phase 2.4 Global Placement Core | Checksum: 2ad54b44c

Time (s): cpu = 00:00:06 ; elapsed = 00:00:04 . Memory (MB): peak = 2230.547 ; gain = 0.000
Phase 2 Global Placement | Checksum: 2ad54b44c

Time (s): cpu = 00:00:06 ; elapsed = 00:00:04 . Memory (MB): peak = 2230.547 ; gain = 0.000

Phase 3 Detail Placement

Phase 3.1 Commit Multi Column Macros
Phase 3.1 Commit Multi Column Macros | Checksum: 21e33e0ee

Time (s): cpu = 00:00:06 ; elapsed = 00:00:04 . Memory (MB): peak = 2230.547 ; gain = 0.000

Phase 3.2 Commit Most Macros & LUTRAMs
Phase 3.2 Commit Most Macros & LUTRAMs | Checksum: 2a0448b90

Time (s): cpu = 00:00:06 ; elapsed = 00:00:04 . Memory (MB): peak = 2230.547 ; gain = 0.000

Phase 3.3 Area Swap Optimization
Phase 3.3 Area Swap Optimization | Checksum: 2619a5d2a

Time (s): cpu = 00:00:07 ; elapsed = 00:00:04 . Memory (MB): peak = 2230.547 ; gain = 0.000

Phase 3.4 Pipeline Register Optimization
Phase 3.4 Pipeline Register Optimization | Checksum: 2f6fe3a3c

Time (s): cpu = 00:00:07 ; elapsed = 00:00:04 . Memory (MB): peak = 2230.547 ; gain = 0.000

Phase 3.5 Fast Optimization
Phase 3.5 Fast Optimization | Checksum: 2d5c5ec99

Time (s): cpu = 00:00:10 ; elapsed = 00:00:08 . Memory (MB): peak = 2230.547 ; gain = 0.000

Phase 3.6 Small Shape Detail Placement

Phase 3.6.1 Place Remaining
Phase 3.6.1 Place Remaining | Checksum: 2d00aa9b9

Time (s): cpu = 00:00:11 ; elapsed = 00:00:08 . Memory (MB): peak = 2230.547 ; gain = 0.000
Phase 3.6 Small Shape Detail Placement | Checksum: 2d00aa9b9

Time (s): cpu = 00:00:11 ; elapsed = 00:00:08 . Memory (MB): peak = 2230.547 ; gain = 0.000

Phase 3.7 Re-assign LUT pins
Phase 3.7 Re-assign LUT pins | Checksum: 2f0caaac5

Time (s): cpu = 00:00:11 ; elapsed = 00:00:08 . Memory (MB): peak = 2230.547 ; gain = 0.000

Phase 3.8 Pipeline Register Optimization
Phase 3.8 Pipeline Register Optimization | Checksum: 2eec7a752

Time (s): cpu = 00:00:11 ; elapsed = 00:00:08 . Memory (MB): peak = 2230.547 ; gain = 0.000

Phase 3.9 Fast Optimization
Phase 3.9 Fast Optimization | Checksum: 1ef53a214

Time (s): cpu = 00:00:19 ; elapsed = 00:00:16 . Memory (MB): peak = 2230.547 ; gain = 0.000
Phase 3 Detail Placement | Checksum: 1ef53a214

Time (s): cpu = 00:00:19 ; elapsed = 00:00:16 . Memory (MB): peak = 2230.547 ; gain = 0.000

Phase 4 Post Placement Optimization and Clean-Up

Phase 4.1 Post Commit Optimization
INFO: [Timing 38-35] Done setting XDC timing constraints.

Phase 4.1.1 Post Placement Optimization
Post Placement Optimization Initialization | Checksum: 22a7d78aa

Phase 4.1.1.1 BUFG Insertion

Starting Physical Synthesis Task

Phase 1 Physical Synthesis Initialization
INFO: [Physopt 32-721] Multithreading enabled for phys_opt_design using a maximum of 2 CPUs
INFO: [Physopt 32-619] Estimated Timing Summary | WNS=-2.660 | TNS=-914.322 |
Phase 1 Physical Synthesis Initialization | Checksum: 1aafb552f

Time (s): cpu = 00:00:00 ; elapsed = 00:00:00.068 . Memory (MB): peak = 2230.547 ; gain = 0.000
INFO: [Place 46-56] BUFG insertion identified 0 candidate nets. Inserted BUFG: 0, Replicated BUFG Driver: 0, Skipped due to Placement/Routing Conflicts: 0, Skipped due to Timing Degradation: 0, Skipped due to netlist editing failed: 0.
Ending Physical Synthesis Task | Checksum: 14f9aa58c

Time (s): cpu = 00:00:00 ; elapsed = 00:00:00.076 . Memory (MB): peak = 2230.547 ; gain = 0.000
Phase 4.1.1.1 BUFG Insertion | Checksum: 22a7d78aa

Time (s): cpu = 00:00:19 ; elapsed = 00:00:16 . Memory (MB): peak = 2230.547 ; gain = 0.000

Phase 4.1.1.2 Post Placement Timing Optimization
INFO: [Place 30-746] Post Placement Timing Summary WNS=-2.391. For the most accurate timing information please run report_timing.
Phase 4.1.1.2 Post Placement Timing Optimization | Checksum: 23c27ea5d

Time (s): cpu = 00:00:29 ; elapsed = 00:00:27 . Memory (MB): peak = 2230.547 ; gain = 0.000

Time (s): cpu = 00:00:29 ; elapsed = 00:00:27 . Memory (MB): peak = 2230.547 ; gain = 0.000
Phase 4.1 Post Commit Optimization | Checksum: 23c27ea5d

Time (s): cpu = 00:00:29 ; elapsed = 00:00:27 . Memory (MB): peak = 2230.547 ; gain = 0.000

Phase 4.2 Post Placement Cleanup
Phase 4.2 Post Placement Cleanup | Checksum: 23c27ea5d

Time (s): cpu = 00:00:29 ; elapsed = 00:00:27 . Memory (MB): peak = 2230.547 ; gain = 0.000

Phase 4.3 Placer Reporting

Phase 4.3.1 Print Estimated Congestion
INFO: [Place 30-612] Post-Placement Estimated Congestion 
 ____________________________________________________
|           | Global Congestion | Short Congestion  |
| Direction | Region Size       | Region Size       |
|___________|___________________|___________________|
|      North|                1x1|                2x2|
|___________|___________________|___________________|
|      South|                1x1|                1x1|
|___________|___________________|___________________|
|       East|                1x1|                1x1|
|___________|___________________|___________________|
|       West|                1x1|                1x1|
|___________|___________________|___________________|

Phase 4.3.1 Print Estimated Congestion | Checksum: 23c27ea5d

Time (s): cpu = 00:00:29 ; elapsed = 00:00:27 . Memory (MB): peak = 2230.547 ; gain = 0.000
Phase 4.3 Placer Reporting | Checksum: 23c27ea5d

Time (s): cpu = 00:00:29 ; elapsed = 00:00:27 . Memory (MB): peak = 2230.547 ; gain = 0.000

Phase 4.4 Final Placement Cleanup
Netlist sorting complete. Time (s): cpu = 00:00:00 ; elapsed = 00:00:00.001 . Memory (MB): peak = 2230.547 ; gain = 0.000

Time (s): cpu = 00:00:29 ; elapsed = 00:00:27 . Memory (MB): peak = 2230.547 ; gain = 0.000
Phase 4 Post Placement Optimization and Clean-Up | Checksum: 230d74fe0

Time (s): cpu = 00:00:29 ; elapsed = 00:00:27 . Memory (MB): peak = 2230.547 ; gain = 0.000
Ending Placer Task | Checksum: 1d2a068f2

Time (s): cpu = 00:00:29 ; elapsed = 00:00:27 . Memory (MB): peak = 2230.547 ; gain = 0.000
135 Infos, 3 Warnings, 2 Critical Warnings and 0 Errors encountered.
place_design completed successfully
place_design: Time (s): cpu = 00:00:30 ; elapsed = 00:00:28 . Memory (MB): peak = 2230.547 ; gain = 0.000
INFO: [Vivado 12-24838] Running report commands "report_control_sets, report_io, report_utilization" in parallel.
Running report generation with 2 threads.
INFO: [Vivado 12-24828] Executing command : report_utilization -file simple_io_utilization_placed.rpt -pb simple_io_utilization_placed.pb
INFO: [Vivado 12-24828] Executing command : report_control_sets -verbose -file simple_io_control_sets_placed.rpt
report_control_sets: Time (s): cpu = 00:00:00 ; elapsed = 00:00:00.004 . Memory (MB): peak = 2230.547 ; gain = 0.000
INFO: [Vivado 12-24828] Executing command : report_io -file simple_io_io_placed.rpt
report_io: Time (s): cpu = 00:00:00 ; elapsed = 00:00:00.027 . Memory (MB): peak = 2230.547 ; gain = 0.000
INFO: [Timing 38-480] Writing timing data to binary archive.
Write ShapeDB Complete: Time (s): cpu = 00:00:00 ; elapsed = 00:00:00.004 . Memory (MB): peak = 2230.547 ; gain = 0.000
Wrote PlaceDB: Time (s): cpu = 00:00:01 ; elapsed = 00:00:00.073 . Memory (MB): peak = 2230.547 ; gain = 0.000
Wrote PulsedLatchDB: Time (s): cpu = 00:00:00 ; elapsed = 00:00:00.001 . Memory (MB): peak = 2230.547 ; gain = 0.000
Writing XDEF routing.
Writing XDEF routing logical nets.
Writing XDEF routing special nets.
Wrote RouteStorage: Time (s): cpu = 00:00:00 ; elapsed = 00:00:00.012 . Memory (MB): peak = 2230.547 ; gain = 0.000
Wrote Netlist Cache: Time (s): cpu = 00:00:00 ; elapsed = 00:00:00.002 . Memory (MB): peak = 2230.547 ; gain = 0.000
Wrote Device Cache: Time (s): cpu = 00:00:00 ; elapsed = 00:00:00.004 . Memory (MB): peak = 2230.547 ; gain = 0.000
Write Physdb Complete: Time (s): cpu = 00:00:01 ; elapsed = 00:00:00.094 . Memory (MB): peak = 2230.547 ; gain = 0.000
INFO: [Common 17-1381] The checkpoint 'C:/Users/arg/Documents/GitHub/FPGA/First_Project/First_Project.runs/impl_1/simple_io_placed.dcp' has been generated.
Command: phys_opt_design
Attempting to get a license for feature 'Implementation' and/or device 'xc7a35t'
INFO: [Common 17-349] Got license for feature 'Implementation' and/or device 'xc7a35t'

Starting Initial Update Timing Task

Time (s): cpu = 00:00:00 ; elapsed = 00:00:00.210 . Memory (MB): peak = 2230.547 ; gain = 0.000
INFO: [Vivado_Tcl 4-1435] PhysOpt_Tcl_Interface Runtime Before Starting Physical Synthesis Task | CPU: 0.00s |  WALL: 0.22s
Netlist sorting complete. Time (s): cpu = 00:00:00 ; elapsed = 00:00:00.002 . Memory (MB): peak = 2230.547 ; gain = 0.000

Starting Physical Synthesis Task

Phase 1 Physical Synthesis Initialization
INFO: [Physopt 32-721] Multithreading enabled for phys_opt_design using a maximum of 2 CPUs
INFO: [Physopt 32-619] Estimated Timing Summary | WNS=-2.391 | TNS=-900.798 |
Phase 1 Physical Synthesis Initialization | Checksum: c2ee0128

Time (s): cpu = 00:00:01 ; elapsed = 00:00:00.125 . Memory (MB): peak = 2230.547 ; gain = 0.000
INFO: [Physopt 32-619] Estimated Timing Summary | WNS=-2.391 | TNS=-900.798 |

Phase 2 DSP Register Optimization
INFO: [Physopt 32-456] No candidate cells for DSP register optimization found in the design.
INFO: [Physopt 32-775] End 2 Pass. Optimized 0 net or cell. Created 0 new cell, deleted 0 existing cell and moved 0 existing cell
Phase 2 DSP Register Optimization | Checksum: c2ee0128

Time (s): cpu = 00:00:01 ; elapsed = 00:00:00.132 . Memory (MB): peak = 2230.547 ; gain = 0.000

Phase 3 Critical Path Optimization
INFO: [Physopt 32-619] Estimated Timing Summary | WNS=-2.391 | TNS=-900.798 |
INFO: [Physopt 32-702] Processed net core_0/alt_cic_filter_inst/integrator_0_reg[21]. Optimizations did not improve timing on the net.
INFO: [Physopt 32-702] Processed net clock_wiz_0/inst/clk_out2_clk_wiz_0. Optimizations did not improve timing on the net.
INFO: [Physopt 32-702] Processed net core_0/ram_new/integrator_0_reg[16]_i_1_n_0. Optimizations did not improve timing on the net.
INFO: [Physopt 32-702] Processed net core_0/ram_new/integrator_0_reg[12]_i_1_n_0. Optimizations did not improve timing on the net.
INFO: [Physopt 32-702] Processed net core_0/ram_new/integrator_0_reg[8]_i_1_n_0. Optimizations did not improve timing on the net.
INFO: [Physopt 32-702] Processed net core_0/ram_new/reg_load_en_d2_reg. Optimizations did not improve timing on the net.
INFO: [Physopt 32-601] Processed net core_0/ram_new/integrator_0[0]_i_13_n_0. Net driver core_0/ram_new/integrator_0[0]_i_13 was replaced.
INFO: [Physopt 32-735] Processed net core_0/ram_new/integrator_0[0]_i_13_n_0. Optimization improves timing on the net.
INFO: [Physopt 32-619] Estimated Timing Summary | WNS=-2.362 | TNS=-900.425 |
INFO: [Physopt 32-702] Processed net core_0/ram_new/integrator_0[0]_i_13_n_0. Optimizations did not improve timing on the net.
INFO: [Physopt 32-702] Processed net core_0/ram_new/integrator_0[0]_i_24_0. Optimizations did not improve timing on the net.
INFO: [Physopt 32-242] Processed net core_0/ram_new/integrator_0[0]_i_23_n_0. Rewired (signal push) core_0/ram_new/ram_out2[3] to 2 loads. Replicated 0 times.
INFO: [Physopt 32-735] Processed net core_0/ram_new/integrator_0[0]_i_23_n_0. Optimization improves timing on the net.
INFO: [Physopt 32-619] Estimated Timing Summary | WNS=-2.348 | TNS=-900.173 |
INFO: [Physopt 32-663] Processed net core_0/ram_new/integrator_0[0]_i_24_n_0.  Re-placed instance core_0/ram_new/integrator_0[0]_i_24
INFO: [Physopt 32-735] Processed net core_0/ram_new/integrator_0[0]_i_24_n_0. Optimization improves timing on the net.
INFO: [Physopt 32-619] Estimated Timing Summary | WNS=-2.346 | TNS=-899.990 |
INFO: [Physopt 32-702] Processed net core_0/cic_controller_inst/reg_load_en_d2_reg_14. Optimizations did not improve timing on the net.
INFO: [Physopt 32-710] Processed net core_0/cic_controller_inst/reg_load_en_d2_reg_14. Critical path length was reduced through logic transformation on cell core_0/cic_controller_inst/integrator_0[4]_i_8_comp.
INFO: [Physopt 32-735] Processed net core_0/ram_new/integrator_0[0]_i_18_0. Optimization improves timing on the net.
INFO: [Physopt 32-619] Estimated Timing Summary | WNS=-2.339 | TNS=-899.871 |
INFO: [Physopt 32-601] Processed net core_0/ram_new/integrator_0[0]_i_14_n_0. Net driver core_0/ram_new/integrator_0[0]_i_14 was replaced.
INFO: [Physopt 32-735] Processed net core_0/ram_new/integrator_0[0]_i_14_n_0. Optimization improves timing on the net.
INFO: [Physopt 32-619] Estimated Timing Summary | WNS=-2.325 | TNS=-899.759 |
INFO: [Physopt 32-702] Processed net core_0/ram_new/integrator_0[0]_i_10_n_0. Optimizations did not improve timing on the net.
INFO: [Physopt 32-702] Processed net core_0/ram_new/integrator_0[4]_i_10_n_0. Optimizations did not improve timing on the net.
INFO: [Physopt 32-702] Processed net core_0/ram_new/integrator_0_reg[23][1]. Optimizations did not improve timing on the net.
INFO: [Physopt 32-81] Processed net core_0/ram_new/doutb[0]_alias_8. Replicated 2 times.
INFO: [Physopt 32-735] Processed net core_0/ram_new/doutb[0]_alias_8. Optimization improves timing on the net.
INFO: [Physopt 32-619] Estimated Timing Summary | WNS=-2.325 | TNS=-901.622 |
INFO: [Physopt 32-702] Processed net core_0/ram_new/integrator_0[0]_i_14_n_0. Optimizations did not improve timing on the net.
INFO: [Physopt 32-663] Processed net core_0/ram_new/integrator_0[0]_i_19_n_0.  Re-placed instance core_0/ram_new/integrator_0[0]_i_19
INFO: [Physopt 32-735] Processed net core_0/ram_new/integrator_0[0]_i_19_n_0. Optimization improves timing on the net.
INFO: [Physopt 32-619] Estimated Timing Summary | WNS=-2.323 | TNS=-901.658 |
INFO: [Physopt 32-710] Processed net core_0/ram_new/integrator_0[0]_i_14_n_0. Critical path length was reduced through logic transformation on cell core_0/ram_new/integrator_0[0]_i_14_comp.
INFO: [Physopt 32-735] Processed net core_0/ram_new/integrator_0[0]_i_19_n_0. Optimization improves timing on the net.
INFO: [Physopt 32-619] Estimated Timing Summary | WNS=-2.310 | TNS=-901.329 |
INFO: [Physopt 32-81] Processed net core_0/ram_new/integrator_0[0]_i_18_n_0. Replicated 1 times.
INFO: [Physopt 32-735] Processed net core_0/ram_new/integrator_0[0]_i_18_n_0. Optimization improves timing on the net.
INFO: [Physopt 32-619] Estimated Timing Summary | WNS=-2.307 | TNS=-901.444 |
INFO: [Physopt 32-702] Processed net core_0/ram_new/doutb[0]_alias_8. Optimizations did not improve timing on the net.
INFO: [Physopt 32-702] Processed net core_0/alt_cic_filter_inst/integrator_0_reg[21]. Optimizations did not improve timing on the net.
INFO: [Physopt 32-702] Processed net clock_wiz_0/inst/clk_out2_clk_wiz_0. Optimizations did not improve timing on the net.
INFO: [Physopt 32-702] Processed net core_0/ram_new/reg_load_en_d2_reg. Optimizations did not improve timing on the net.
INFO: [Physopt 32-702] Processed net core_0/ram_new/integrator_0[0]_i_10_n_0. Optimizations did not improve timing on the net.
INFO: [Physopt 32-702] Processed net core_0/ram_new/integrator_0[4]_i_10_n_0. Optimizations did not improve timing on the net.
INFO: [Physopt 32-702] Processed net core_0/ram_new/integrator_0_reg[23][1]. Optimizations did not improve timing on the net.
INFO: [Physopt 32-702] Processed net core_0/ram_new/doutb[0]_alias_8. Optimizations did not improve timing on the net.
INFO: [Physopt 32-619] Estimated Timing Summary | WNS=-2.307 | TNS=-901.444 |
Netlist sorting complete. Time (s): cpu = 00:00:00 ; elapsed = 00:00:00.007 . Memory (MB): peak = 2230.547 ; gain = 0.000
Phase 3 Critical Path Optimization | Checksum: c2ee0128

Time (s): cpu = 00:00:02 ; elapsed = 00:00:01 . Memory (MB): peak = 2230.547 ; gain = 0.000

Phase 4 Critical Path Optimization
INFO: [Physopt 32-619] Estimated Timing Summary | WNS=-2.307 | TNS=-901.444 |
INFO: [Physopt 32-702] Processed net core_0/alt_cic_filter_inst/integrator_0_reg[21]. Optimizations did not improve timing on the net.
INFO: [Physopt 32-702] Processed net clock_wiz_0/inst/clk_out2_clk_wiz_0. Optimizations did not improve timing on the net.
INFO: [Physopt 32-702] Processed net core_0/ram_new/integrator_0_reg[16]_i_1_n_0. Optimizations did not improve timing on the net.
INFO: [Physopt 32-702] Processed net core_0/ram_new/integrator_0_reg[12]_i_1_n_0. Optimizations did not improve timing on the net.
INFO: [Physopt 32-702] Processed net core_0/ram_new/integrator_0_reg[8]_i_1_n_0. Optimizations did not improve timing on the net.
INFO: [Physopt 32-702] Processed net core_0/ram_new/reg_load_en_d2_reg. Optimizations did not improve timing on the net.
INFO: [Physopt 32-702] Processed net core_0/ram_new/integrator_0[0]_i_10_n_0. Optimizations did not improve timing on the net.
INFO: [Physopt 32-81] Processed net core_0/ram_new/integrator_0[4]_i_10_n_0. Replicated 1 times.
INFO: [Physopt 32-735] Processed net core_0/ram_new/integrator_0[4]_i_10_n_0. Optimization improves timing on the net.
INFO: [Physopt 32-619] Estimated Timing Summary | WNS=-2.294 | TNS=-901.252 |
INFO: [Physopt 32-702] Processed net core_0/ram_new/integrator_0[4]_i_10_n_0. Optimizations did not improve timing on the net.
INFO: [Physopt 32-702] Processed net core_0/ram_new/integrator_0_reg[23][1]. Optimizations did not improve timing on the net.
INFO: [Physopt 32-81] Processed net core_0/ram_new/doutb[0]_alias_8. Replicated 1 times.
INFO: [Physopt 32-735] Processed net core_0/ram_new/doutb[0]_alias_8. Optimization improves timing on the net.
INFO: [Physopt 32-619] Estimated Timing Summary | WNS=-2.283 | TNS=-902.122 |
INFO: [Physopt 32-702] Processed net core_0/ram_new/doutb[0]_alias_8. Optimizations did not improve timing on the net.
INFO: [Physopt 32-702] Processed net core_0/alt_cic_filter_inst/integrator_0_reg[21]. Optimizations did not improve timing on the net.
INFO: [Physopt 32-702] Processed net clock_wiz_0/inst/clk_out2_clk_wiz_0. Optimizations did not improve timing on the net.
INFO: [Physopt 32-702] Processed net core_0/ram_new/reg_load_en_d2_reg. Optimizations did not improve timing on the net.
INFO: [Physopt 32-702] Processed net core_0/ram_new/integrator_0[0]_i_10_n_0. Optimizations did not improve timing on the net.
INFO: [Physopt 32-702] Processed net core_0/ram_new/integrator_0[4]_i_10_n_0. Optimizations did not improve timing on the net.
INFO: [Physopt 32-702] Processed net core_0/ram_new/integrator_0_reg[23][1]. Optimizations did not improve timing on the net.
INFO: [Physopt 32-702] Processed net core_0/ram_new/doutb[0]_alias_8. Optimizations did not improve timing on the net.
INFO: [Physopt 32-619] Estimated Timing Summary | WNS=-2.283 | TNS=-902.122 |
Netlist sorting complete. Time (s): cpu = 00:00:00 ; elapsed = 00:00:00.007 . Memory (MB): peak = 2230.547 ; gain = 0.000
Phase 4 Critical Path Optimization | Checksum: c2ee0128

Time (s): cpu = 00:00:03 ; elapsed = 00:00:02 . Memory (MB): peak = 2230.547 ; gain = 0.000
Netlist sorting complete. Time (s): cpu = 00:00:00 ; elapsed = 00:00:00.001 . Memory (MB): peak = 2230.547 ; gain = 0.000
INFO: [Physopt 32-603] Post Physical Optimization Timing Summary | WNS=-2.283 | TNS=-902.122 |

Summary of Physical Synthesis Optimizations
============================================


-------------------------------------------------------------------------------------------------------------------------------------------------------------
|  Optimization   |  WNS Gain (ns)  |  TNS Gain (ns)  |  Added Cells  |  Removed Cells  |  Optimized Cells/Nets  |  Dont Touch  |  Iterations  |  Elapsed   |
-------------------------------------------------------------------------------------------------------------------------------------------------------------
|  DSP Register   |          0.000  |          0.000  |            0  |              0  |                     0  |           0  |           1  |  00:00:00  |
|  Critical Path  |          0.108  |         -1.324  |            5  |              0  |                    11  |           0  |           2  |  00:00:01  |
|  Total          |          0.108  |         -1.324  |            5  |              0  |                    11  |           0  |           3  |  00:00:01  |
-------------------------------------------------------------------------------------------------------------------------------------------------------------


Netlist sorting complete. Time (s): cpu = 00:00:00 ; elapsed = 00:00:00.001 . Memory (MB): peak = 2230.547 ; gain = 0.000
Ending Physical Synthesis Task | Checksum: 1a796fdca

Time (s): cpu = 00:00:03 ; elapsed = 00:00:02 . Memory (MB): peak = 2230.547 ; gain = 0.000
INFO: [Common 17-83] Releasing license: Implementation
225 Infos, 3 Warnings, 2 Critical Warnings and 0 Errors encountered.
phys_opt_design completed successfully
INFO: [Timing 38-480] Writing timing data to binary archive.
Write ShapeDB Complete: Time (s): cpu = 00:00:00 ; elapsed = 00:00:00.002 . Memory (MB): peak = 2230.547 ; gain = 0.000
Wrote PlaceDB: Time (s): cpu = 00:00:00 ; elapsed = 00:00:00.073 . Memory (MB): peak = 2230.547 ; gain = 0.000
Wrote PulsedLatchDB: Time (s): cpu = 00:00:00 ; elapsed = 00:00:00 . Memory (MB): peak = 2230.547 ; gain = 0.000
Writing XDEF routing.
Writing XDEF routing logical nets.
Writing XDEF routing special nets.
Wrote RouteStorage: Time (s): cpu = 00:00:00 ; elapsed = 00:00:00.012 . Memory (MB): peak = 2230.547 ; gain = 0.000
Wrote Netlist Cache: Time (s): cpu = 00:00:00 ; elapsed = 00:00:00.002 . Memory (MB): peak = 2230.547 ; gain = 0.000
Wrote Device Cache: Time (s): cpu = 00:00:00 ; elapsed = 00:00:00.004 . Memory (MB): peak = 2230.547 ; gain = 0.000
Write Physdb Complete: Time (s): cpu = 00:00:00 ; elapsed = 00:00:00.094 . Memory (MB): peak = 2230.547 ; gain = 0.000
INFO: [Common 17-1381] The checkpoint 'C:/Users/arg/Documents/GitHub/FPGA/First_Project/First_Project.runs/impl_1/simple_io_physopt.dcp' has been generated.
Command: route_design
Attempting to get a license for feature 'Implementation' and/or device 'xc7a35t'
INFO: [Common 17-349] Got license for feature 'Implementation' and/or device 'xc7a35t'
INFO: [DRC 23-27] Running DRC with 2 threads
INFO: [Vivado_Tcl 4-198] DRC finished with 0 Errors
INFO: [Vivado_Tcl 4-199] Please refer to the DRC report (report_drc) for more information.
Running DRC as a precondition to command route_design
INFO: [DRC 23-27] Running DRC with 2 threads
INFO: [Vivado_Tcl 4-198] DRC finished with 0 Errors
INFO: [Vivado_Tcl 4-199] Please refer to the DRC report (report_drc) for more information.


Starting Routing Task
INFO: [Route 35-254] Multithreading enabled for route_design using a maximum of 8 CPUs

Phase 1 Build RT Design
Checksum: PlaceDB: 67c1dffb ConstDB: 0 ShapeSum: 37e141e1 RouteDB: a0815c57
Post Restoration Checksum: NetGraph: 220b9268 | NumContArr: 7a4df0d1 | Constraints: c2a8fa9d | Timing: c2a8fa9d
Phase 1 Build RT Design | Checksum: 221ab7873

Time (s): cpu = 00:00:11 ; elapsed = 00:00:09 . Memory (MB): peak = 2302.719 ; gain = 72.172

Phase 2 Router Initialization

Phase 2.1 Fix Topology Constraints
Phase 2.1 Fix Topology Constraints | Checksum: 221ab7873

Time (s): cpu = 00:00:11 ; elapsed = 00:00:09 . Memory (MB): peak = 2302.719 ; gain = 72.172

Phase 2.2 Pre Route Cleanup
Phase 2.2 Pre Route Cleanup | Checksum: 221ab7873

Time (s): cpu = 00:00:11 ; elapsed = 00:00:09 . Memory (MB): peak = 2302.719 ; gain = 72.172
 Number of Nodes with overlaps = 0

Phase 2.3 Update Timing
Phase 2.3 Update Timing | Checksum: 19acbb482

Time (s): cpu = 00:00:12 ; elapsed = 00:00:10 . Memory (MB): peak = 2337.816 ; gain = 107.270
INFO: [Route 35-416] Intermediate Timing Summary | WNS=-2.278 | TNS=-887.630| WHS=-0.255 | THS=-78.098|


Phase 2.4 Update Timing for Bus Skew

Phase 2.4.1 Update Timing
Phase 2.4.1 Update Timing | Checksum: 1a3416209

Time (s): cpu = 00:00:12 ; elapsed = 00:00:10 . Memory (MB): peak = 2337.816 ; gain = 107.270
INFO: [Route 35-416] Intermediate Timing Summary | WNS=-2.278 | TNS=-810.418| WHS=-0.202 | THS=-2.344 |

Phase 2.4 Update Timing for Bus Skew | Checksum: 1a3416209

Time (s): cpu = 00:00:12 ; elapsed = 00:00:10 . Memory (MB): peak = 2337.816 ; gain = 107.270

Router Utilization Summary
  Global Vertical Routing Utilization    = 0.00988599 %
  Global Horizontal Routing Utilization  = 0.00117126 %
  Routable Net Status*
  *Does not include unroutable nets such as driverless and loadless.
  Run report_route_status for detailed report.
  Number of Failed Nets               = 1516
    (Failed Nets is the sum of unrouted and partially routed nets)
  Number of Unrouted Nets             = 1515
  Number of Partially Routed Nets     = 1
  Number of Node Overlaps             = 0

Phase 2 Router Initialization | Checksum: 2285883de

Time (s): cpu = 00:00:12 ; elapsed = 00:00:10 . Memory (MB): peak = 2338.648 ; gain = 108.102

Phase 3 Global Routing
Phase 3 Global Routing | Checksum: 2285883de

Time (s): cpu = 00:00:12 ; elapsed = 00:00:10 . Memory (MB): peak = 2338.648 ; gain = 108.102

Phase 4 Initial Routing

Phase 4.1 Initial Net Routing Pass
Phase 4.1 Initial Net Routing Pass | Checksum: 2fdaf9dd2

Time (s): cpu = 00:00:13 ; elapsed = 00:00:10 . Memory (MB): peak = 2338.648 ; gain = 108.102
Phase 4 Initial Routing | Checksum: 2fdaf9dd2

Time (s): cpu = 00:00:13 ; elapsed = 00:00:10 . Memory (MB): peak = 2338.648 ; gain = 108.102
INFO: [Route 35-580] Design has 15 pins with tight setup and hold constraints.

The top 5 pins with tight setup and hold constraints:

+====================+====================+=====================================================================================================================================================================================================================================================================================+
| Launch Setup Clock | Launch Hold Clock  | Pin                                                                                                                                                                                                                                                                                 |
+====================+====================+=====================================================================================================================================================================================================================================================================================+
| clk_out2_clk_wiz_0 | clk_out2_clk_wiz_0 | output_terminal_inst/uart_fifo_inst/U0/inst_fifo_gen/gconvfifo.rf/grf.rf/gntv_or_sync_fifo.mem/gbm.gbmg.gbmga.ngecc.bmg/inst_blk_mem_gen/gnbram.gnativebmg.native_blk_mem_gen/valid.cstr/ramloop[0].ram.r/prim_noinit.ram/DEVICE_7SERIES.NO_BMM_INFO.SDP.SIMPLE_PRIM36.ram/DIADI[2] |
| clk_out2_clk_wiz_0 | clk_out2_clk_wiz_0 | output_terminal_inst/uart_fifo_inst/U0/inst_fifo_gen/gconvfifo.rf/grf.rf/gntv_or_sync_fifo.mem/gbm.gbmg.gbmga.ngecc.bmg/inst_blk_mem_gen/gnbram.gnativebmg.native_blk_mem_gen/valid.cstr/ramloop[0].ram.r/prim_noinit.ram/DEVICE_7SERIES.NO_BMM_INFO.SDP.SIMPLE_PRIM36.ram/DIADI[4] |
| clk_out2_clk_wiz_0 | clk_out2_clk_wiz_0 | output_terminal_inst/uart_fifo_inst/U0/inst_fifo_gen/gconvfifo.rf/grf.rf/gntv_or_sync_fifo.mem/gbm.gbmg.gbmga.ngecc.bmg/inst_blk_mem_gen/gnbram.gnativebmg.native_blk_mem_gen/valid.cstr/ramloop[0].ram.r/prim_noinit.ram/DEVICE_7SERIES.NO_BMM_INFO.SDP.SIMPLE_PRIM36.ram/DIADI[3] |
| clk_out2_clk_wiz_0 | clk_out2_clk_wiz_0 | output_terminal_inst/uart_fifo_inst/U0/inst_fifo_gen/gconvfifo.rf/grf.rf/gntv_or_sync_fifo.mem/gbm.gbmg.gbmga.ngecc.bmg/inst_blk_mem_gen/gnbram.gnativebmg.native_blk_mem_gen/valid.cstr/ramloop[0].ram.r/prim_noinit.ram/DEVICE_7SERIES.NO_BMM_INFO.SDP.SIMPLE_PRIM36.ram/DIADI[1] |
| clk_out2_clk_wiz_0 | clk_out2_clk_wiz_0 | output_terminal_inst/uart_fifo_inst/U0/inst_fifo_gen/gconvfifo.rf/grf.rf/gntv_or_sync_fifo.mem/gbm.gbmg.gbmga.ngecc.bmg/inst_blk_mem_gen/gnbram.gnativebmg.native_blk_mem_gen/valid.cstr/ramloop[0].ram.r/prim_noinit.ram/DEVICE_7SERIES.NO_BMM_INFO.SDP.SIMPLE_PRIM36.ram/DIADI[7] |
+--------------------+--------------------+-------------------------------------------------------------------------------------------------------------------------------------------------------------------------------------------------------------------------------------------------------------------------------------+

File with complete list of pins: tight_setup_hold_pins.txt


Phase 5 Rip-up And Reroute

Phase 5.1 Global Iteration 0
 Number of Nodes with overlaps = 245
 Number of Nodes with overlaps = 64
 Number of Nodes with overlaps = 33
 Number of Nodes with overlaps = 19
 Number of Nodes with overlaps = 9
 Number of Nodes with overlaps = 0
INFO: [Route 35-416] Intermediate Timing Summary | WNS=-2.653 | TNS=-1381.991| WHS=N/A    | THS=N/A    |

Phase 5.1 Global Iteration 0 | Checksum: 2ec471abd

Time (s): cpu = 00:00:14 ; elapsed = 00:00:11 . Memory (MB): peak = 2375.484 ; gain = 144.938

Phase 5.2 Global Iteration 1
 Number of Nodes with overlaps = 31
 Number of Nodes with overlaps = 23
 Number of Nodes with overlaps = 17
 Number of Nodes with overlaps = 20
 Number of Nodes with overlaps = 7
 Number of Nodes with overlaps = 3
 Number of Nodes with overlaps = 2
 Number of Nodes with overlaps = 2
 Number of Nodes with overlaps = 2
 Number of Nodes with overlaps = 1
 Number of Nodes with overlaps = 0
INFO: [Route 35-416] Intermediate Timing Summary | WNS=-2.521 | TNS=-1379.062| WHS=N/A    | THS=N/A    |

Phase 5.2 Global Iteration 1 | Checksum: 2c9ae2062

Time (s): cpu = 00:00:15 ; elapsed = 00:00:12 . Memory (MB): peak = 2375.527 ; gain = 144.980

Phase 5.3 Global Iteration 2
 Number of Nodes with overlaps = 23
 Number of Nodes with overlaps = 23
 Number of Nodes with overlaps = 18
 Number of Nodes with overlaps = 3
 Number of Nodes with overlaps = 2
 Number of Nodes with overlaps = 2
 Number of Nodes with overlaps = 1
 Number of Nodes with overlaps = 1
 Number of Nodes with overlaps = 0
INFO: [Route 35-416] Intermediate Timing Summary | WNS=-3.049 | TNS=-1396.210| WHS=N/A    | THS=N/A    |

Phase 5.3 Global Iteration 2 | Checksum: 2b6f91dea

Time (s): cpu = 00:00:16 ; elapsed = 00:00:13 . Memory (MB): peak = 2375.527 ; gain = 144.980
Phase 5 Rip-up And Reroute | Checksum: 2b6f91dea

Time (s): cpu = 00:00:16 ; elapsed = 00:00:13 . Memory (MB): peak = 2375.527 ; gain = 144.980

Phase 6 Delay and Skew Optimization

Phase 6.1 Delay CleanUp

Phase 6.1.1 Update Timing
Phase 6.1.1 Update Timing | Checksum: 20a577550

Time (s): cpu = 00:00:16 ; elapsed = 00:00:13 . Memory (MB): peak = 2375.527 ; gain = 144.980
INFO: [Route 35-416] Intermediate Timing Summary | WNS=-2.442 | TNS=-1279.722| WHS=N/A    | THS=N/A    |

 Number of Nodes with overlaps = 0
Phase 6.1 Delay CleanUp | Checksum: 230b38183

Time (s): cpu = 00:00:16 ; elapsed = 00:00:13 . Memory (MB): peak = 2375.527 ; gain = 144.980

Phase 6.2 Clock Skew Optimization
Phase 6.2 Clock Skew Optimization | Checksum: 230b38183

Time (s): cpu = 00:00:16 ; elapsed = 00:00:13 . Memory (MB): peak = 2375.527 ; gain = 144.980
Phase 6 Delay and Skew Optimization | Checksum: 230b38183

Time (s): cpu = 00:00:16 ; elapsed = 00:00:13 . Memory (MB): peak = 2375.527 ; gain = 144.980

Phase 7 Post Hold Fix

Phase 7.1 Hold Fix Iter
INFO: [Route 35-416] Intermediate Timing Summary | WNS=-2.438 | TNS=-1268.683| WHS=0.029  | THS=0.000  |

Phase 7.1 Hold Fix Iter | Checksum: 1eb18d99f

Time (s): cpu = 00:00:16 ; elapsed = 00:00:13 . Memory (MB): peak = 2375.527 ; gain = 144.980
Phase 7 Post Hold Fix | Checksum: 1eb18d99f

Time (s): cpu = 00:00:16 ; elapsed = 00:00:13 . Memory (MB): peak = 2375.527 ; gain = 144.980

Phase 8 Route finalize

Router Utilization Summary
  Global Vertical Routing Utilization    = 0.678705 %
  Global Horizontal Routing Utilization  = 0.798282 %
  Routable Net Status*
  *Does not include unroutable nets such as driverless and loadless.
  Run report_route_status for detailed report.
  Number of Failed Nets               = 0
    (Failed Nets is the sum of unrouted and partially routed nets)
  Number of Unrouted Nets             = 0
  Number of Partially Routed Nets     = 0
  Number of Node Overlaps             = 0


--GLOBAL Congestion:
Utilization threshold used for congestion level computation: 0.85
Congestion Report
North Dir 1x1 Area, Max Cong = 34.2342%, No Congested Regions.
South Dir 1x1 Area, Max Cong = 42.3423%, No Congested Regions.
East Dir 1x1 Area, Max Cong = 38.2353%, No Congested Regions.
West Dir 1x1 Area, Max Cong = 66.1765%, No Congested Regions.

------------------------------
Reporting congestion hotspots
------------------------------
Direction: North
----------------
Congested clusters found at Level 0
Effective congestion level: 0 Aspect Ratio: 1 Sparse Ratio: 0
Direction: South
----------------
Congested clusters found at Level 0
Effective congestion level: 0 Aspect Ratio: 1 Sparse Ratio: 0
Direction: East
----------------
Congested clusters found at Level 0
Effective congestion level: 0 Aspect Ratio: 1 Sparse Ratio: 0
Direction: West
----------------
Congested clusters found at Level 0
Effective congestion level: 0 Aspect Ratio: 1 Sparse Ratio: 0

Phase 8 Route finalize | Checksum: 1eb18d99f

Time (s): cpu = 00:00:16 ; elapsed = 00:00:13 . Memory (MB): peak = 2375.527 ; gain = 144.980

Phase 9 Verifying routed nets

 Verification completed successfully
Phase 9 Verifying routed nets | Checksum: 1eb18d99f

Time (s): cpu = 00:00:16 ; elapsed = 00:00:13 . Memory (MB): peak = 2375.527 ; gain = 144.980

Phase 10 Depositing Routes
Phase 10 Depositing Routes | Checksum: 261d56a9b

Time (s): cpu = 00:00:16 ; elapsed = 00:00:13 . Memory (MB): peak = 2375.527 ; gain = 144.980

Phase 11 Post Process Routing
Phase 11 Post Process Routing | Checksum: 261d56a9b

Time (s): cpu = 00:00:16 ; elapsed = 00:00:13 . Memory (MB): peak = 2375.527 ; gain = 144.980

Phase 12 Post Router Timing
INFO: [Route 35-57] Estimated Timing Summary | WNS=-2.438 | TNS=-1268.683| WHS=0.029  | THS=0.000  |

WARNING: [Route 35-328] Router estimated timing not met.
Resolution: For a complete and accurate timing signoff, report_timing_summary must be run after route_design. Alternatively, route_design can be run with the -timing_summary option to enable a complete timing signoff at the end of route_design.
Phase 12 Post Router Timing | Checksum: 261d56a9b

Time (s): cpu = 00:00:16 ; elapsed = 00:00:13 . Memory (MB): peak = 2375.527 ; gain = 144.980
Total Elapsed time in route_design: 12.959 secs

Phase 13 Post-Route Event Processing
Phase 13 Post-Route Event Processing | Checksum: 16ae90eae

Time (s): cpu = 00:00:16 ; elapsed = 00:00:13 . Memory (MB): peak = 2375.527 ; gain = 144.980
INFO: [Route 35-16] Router Completed Successfully
Ending Routing Task | Checksum: 16ae90eae

Time (s): cpu = 00:00:16 ; elapsed = 00:00:13 . Memory (MB): peak = 2375.527 ; gain = 144.980

Routing Is Done.
INFO: [Common 17-83] Releasing license: Implementation
246 Infos, 4 Warnings, 2 Critical Warnings and 0 Errors encountered.
route_design completed successfully
route_design: Time (s): cpu = 00:00:17 ; elapsed = 00:00:14 . Memory (MB): peak = 2375.527 ; gain = 144.980
INFO: [Vivado 12-24828] Executing command : report_drc -file simple_io_drc_routed.rpt -pb simple_io_drc_routed.pb -rpx simple_io_drc_routed.rpx
Command: report_drc -file simple_io_drc_routed.rpt -pb simple_io_drc_routed.pb -rpx simple_io_drc_routed.rpx
INFO: [IP_Flow 19-1839] IP Catalog is up to date.
INFO: [DRC 23-27] Running DRC with 2 threads
INFO: [Vivado_Tcl 2-168] The results of DRC are in file C:/Users/arg/Documents/GitHub/FPGA/First_Project/First_Project.runs/impl_1/simple_io_drc_routed.rpt.
report_drc completed successfully
INFO: [Vivado 12-24828] Executing command : report_methodology -file simple_io_methodology_drc_routed.rpt -pb simple_io_methodology_drc_routed.pb -rpx simple_io_methodology_drc_routed.rpx
Command: report_methodology -file simple_io_methodology_drc_routed.rpt -pb simple_io_methodology_drc_routed.pb -rpx simple_io_methodology_drc_routed.rpx
INFO: [Timing 38-35] Done setting XDC timing constraints.
INFO: [DRC 23-133] Running Methodology with 2 threads
INFO: [Vivado_Tcl 2-1520] The results of Report Methodology are in file C:/Users/arg/Documents/GitHub/FPGA/First_Project/First_Project.runs/impl_1/simple_io_methodology_drc_routed.rpt.
report_methodology completed successfully
INFO: [Vivado 12-24828] Executing command : report_timing_summary -max_paths 10 -report_unconstrained -file simple_io_timing_summary_routed.rpt -pb simple_io_timing_summary_routed.pb -rpx simple_io_timing_summary_routed.rpx -warn_on_violation 
INFO: [Timing 38-35] Done setting XDC timing constraints.
INFO: [Timing 38-91] UpdateTimingParams: Speed grade: -1, Delay Type: min_max.
INFO: [Timing 38-191] Multithreading enabled for timing update using a maximum of 2 CPUs
CRITICAL WARNING: [Timing 38-282] The design failed to meet the timing requirements. Please see the timing summary report for details on the timing violations.
WARNING: [Timing 38-436] There are set_bus_skew constraint(s) in this design. Please run report_bus_skew to ensure that bus skew requirements are met.
INFO: [Vivado 12-24838] Running report commands "report_incremental_reuse, report_route_status" in parallel.
Running report generation with 2 threads.
INFO: [Vivado 12-24828] Executing command : report_incremental_reuse -file simple_io_incremental_reuse_routed.rpt
INFO: [Vivado_Tcl 4-1062] Incremental flow is disabled. No incremental reuse Info to report.
INFO: [Vivado 12-24828] Executing command : report_route_status -file simple_io_route_status.rpt -pb simple_io_route_status.pb
INFO: [Vivado 12-24828] Executing command : report_power -file simple_io_power_routed.rpt -pb simple_io_power_summary_routed.pb -rpx simple_io_power_routed.rpx
Command: report_power -file simple_io_power_routed.rpt -pb simple_io_power_summary_routed.pb -rpx simple_io_power_routed.rpx
Running Vector-less Activity Propagation...

Finished Running Vector-less Activity Propagation
263 Infos, 5 Warnings, 3 Critical Warnings and 0 Errors encountered.
report_power completed successfully
INFO: [Vivado 12-24828] Executing command : report_clock_utilization -file simple_io_clock_utilization_routed.rpt
WARNING: [Device 21-9320] Failed to find the Oracle tile group with name 'HSR_BOUNDARY_TOP'. This is required for Clock regions and Virtual grid.
WARNING: [Device 21-2174] Failed to initialize Virtual grid.
INFO: [Vivado 12-24828] Executing command : report_bus_skew -warn_on_violation -file simple_io_bus_skew_routed.rpt -pb simple_io_bus_skew_routed.pb -rpx simple_io_bus_skew_routed.rpx
INFO: [Timing 38-91] UpdateTimingParams: Speed grade: -1, Delay Type: min_max.
INFO: [Timing 38-191] Multithreading enabled for timing update using a maximum of 2 CPUs
INFO: [Timing 38-480] Writing timing data to binary archive.
Write ShapeDB Complete: Time (s): cpu = 00:00:00 ; elapsed = 00:00:00.002 . Memory (MB): peak = 2375.527 ; gain = 0.000
Wrote PlaceDB: Time (s): cpu = 00:00:00 ; elapsed = 00:00:00.078 . Memory (MB): peak = 2375.527 ; gain = 0.000
Wrote PulsedLatchDB: Time (s): cpu = 00:00:00 ; elapsed = 00:00:00 . Memory (MB): peak = 2375.527 ; gain = 0.000
Writing XDEF routing.
Writing XDEF routing logical nets.
Writing XDEF routing special nets.
Wrote RouteStorage: Time (s): cpu = 00:00:00 ; elapsed = 00:00:00.022 . Memory (MB): peak = 2375.527 ; gain = 0.000
Wrote Netlist Cache: Time (s): cpu = 00:00:00 ; elapsed = 00:00:00.002 . Memory (MB): peak = 2375.527 ; gain = 0.000
Wrote Device Cache: Time (s): cpu = 00:00:00 ; elapsed = 00:00:00.004 . Memory (MB): peak = 2375.527 ; gain = 0.000
Write Physdb Complete: Time (s): cpu = 00:00:00 ; elapsed = 00:00:00.111 . Memory (MB): peak = 2375.527 ; gain = 0.000
INFO: [Common 17-1381] The checkpoint 'C:/Users/arg/Documents/GitHub/FPGA/First_Project/First_Project.runs/impl_1/simple_io_routed.dcp' has been generated.
Command: write_bitstream -force simple_io.bit -bin_file
Attempting to get a license for feature 'Implementation' and/or device 'xc7a35t'
INFO: [Common 17-349] Got license for feature 'Implementation' and/or device 'xc7a35t'
Running DRC as a precondition to command write_bitstream
INFO: [IP_Flow 19-1839] IP Catalog is up to date.
INFO: [DRC 23-27] Running DRC with 2 threads
WARNING: [DRC CFGBVS-1] Missing CFGBVS and CONFIG_VOLTAGE Design Properties: Neither the CFGBVS nor CONFIG_VOLTAGE voltage property is set in the current_design.  Configuration bank voltage select (CFGBVS) must be set to VCCO or GND, and CONFIG_VOLTAGE must be set to the correct configuration voltage, in order to determine the I/O voltage support for the pins in bank 0.  It is suggested to specify these either using the 'Edit Device Properties' function in the GUI or directly in the XDC file using the following syntax:

 set_property CFGBVS value1 [current_design]
 #where value1 is either VCCO or GND

 set_property CONFIG_VOLTAGE value2 [current_design]
 #where value2 is the voltage provided to configuration bank 0

Refer to the device configuration user guide for more information.
WARNING: [DRC CHECK-3] Report rule limit reached: REQP-1839 rule limit reached: 20 violations have been found.
WARNING: [DRC CHECK-3] Report rule limit reached: REQP-1840 rule limit reached: 20 violations have been found.
WARNING: [DRC REQP-1839] RAMB36 async control check: The RAMB36E1 core_0/cic_controller_inst/state_bram_inst/U0/inst_blk_mem_gen/gnbram.gnativebmg.native_blk_mem_gen/valid.cstr/ramloop[0].ram.r/prim_noinit.ram/DEVICE_7SERIES.NO_BMM_INFO.SP.SIMPLE_PRIM36.ram has an input control pin core_0/cic_controller_inst/state_bram_inst/U0/inst_blk_mem_gen/gnbram.gnativebmg.native_blk_mem_gen/valid.cstr/ramloop[0].ram.r/prim_noinit.ram/DEVICE_7SERIES.NO_BMM_INFO.SP.SIMPLE_PRIM36.ram/ADDRARDADDR[10] (net: core_0/cic_controller_inst/state_bram_inst/U0/inst_blk_mem_gen/gnbram.gnativebmg.native_blk_mem_gen/valid.cstr/ramloop[0].ram.r/prim_noinit.ram/addra[7]) which is driven by a register (core_0/cic_controller_inst/pixel_counter_reg[3]) that has an active asychronous set or reset. This may cause corruption of the memory contents and/or read values when the set/reset is asserted and is not analyzed by the default static timing analysis. It is suggested to eliminate the use of a set/reset to registers driving this RAMB pin or else use a synchronous reset in which the assertion of the reset is timed by default.
WARNING: [DRC REQP-1839] RAMB36 async control check: The RAMB36E1 core_0/cic_controller_inst/state_bram_inst/U0/inst_blk_mem_gen/gnbram.gnativebmg.native_blk_mem_gen/valid.cstr/ramloop[0].ram.r/prim_noinit.ram/DEVICE_7SERIES.NO_BMM_INFO.SP.SIMPLE_PRIM36.ram has an input control pin core_0/cic_controller_inst/state_bram_inst/U0/inst_blk_mem_gen/gnbram.gnativebmg.native_blk_mem_gen/valid.cstr/ramloop[0].ram.r/prim_noinit.ram/DEVICE_7SERIES.NO_BMM_INFO.SP.SIMPLE_PRIM36.ram/ADDRARDADDR[11] (net: core_0/cic_controller_inst/state_bram_inst/U0/inst_blk_mem_gen/gnbram.gnativebmg.native_blk_mem_gen/valid.cstr/ramloop[0].ram.r/prim_noinit.ram/addra[8]) which is driven by a register (core_0/cic_controller_inst/pixel_counter_reg[4]) that has an active asychronous set or reset. This may cause corruption of the memory contents and/or read values when the set/reset is asserted and is not analyzed by the default static timing analysis. It is suggested to eliminate the use of a set/reset to registers driving this RAMB pin or else use a synchronous reset in which the assertion of the reset is timed by default.
WARNING: [DRC REQP-1839] RAMB36 async control check: The RAMB36E1 core_0/cic_controller_inst/state_bram_inst/U0/inst_blk_mem_gen/gnbram.gnativebmg.native_blk_mem_gen/valid.cstr/ramloop[0].ram.r/prim_noinit.ram/DEVICE_7SERIES.NO_BMM_INFO.SP.SIMPLE_PRIM36.ram has an input control pin core_0/cic_controller_inst/state_bram_inst/U0/inst_blk_mem_gen/gnbram.gnativebmg.native_blk_mem_gen/valid.cstr/ramloop[0].ram.r/prim_noinit.ram/DEVICE_7SERIES.NO_BMM_INFO.SP.SIMPLE_PRIM36.ram/ADDRARDADDR[12] (net: core_0/cic_controller_inst/state_bram_inst/U0/inst_blk_mem_gen/gnbram.gnativebmg.native_blk_mem_gen/valid.cstr/ramloop[0].ram.r/prim_noinit.ram/addra[9]) which is driven by a register (core_0/cic_controller_inst/pixel_counter_reg[5]) that has an active asychronous set or reset. This may cause corruption of the memory contents and/or read values when the set/reset is asserted and is not analyzed by the default static timing analysis. It is suggested to eliminate the use of a set/reset to registers driving this RAMB pin or else use a synchronous reset in which the assertion of the reset is timed by default.
WARNING: [DRC REQP-1839] RAMB36 async control check: The RAMB36E1 core_0/cic_controller_inst/state_bram_inst/U0/inst_blk_mem_gen/gnbram.gnativebmg.native_blk_mem_gen/valid.cstr/ramloop[0].ram.r/prim_noinit.ram/DEVICE_7SERIES.NO_BMM_INFO.SP.SIMPLE_PRIM36.ram has an input control pin core_0/cic_controller_inst/state_bram_inst/U0/inst_blk_mem_gen/gnbram.gnativebmg.native_blk_mem_gen/valid.cstr/ramloop[0].ram.r/prim_noinit.ram/DEVICE_7SERIES.NO_BMM_INFO.SP.SIMPLE_PRIM36.ram/ADDRARDADDR[13] (net: core_0/cic_controller_inst/state_bram_inst/U0/inst_blk_mem_gen/gnbram.gnativebmg.native_blk_mem_gen/valid.cstr/ramloop[0].ram.r/prim_noinit.ram/addra[10]) which is driven by a register (core_0/cic_controller_inst/pixel_counter_reg[6]) that has an active asychronous set or reset. This may cause corruption of the memory contents and/or read values when the set/reset is asserted and is not analyzed by the default static timing analysis. It is suggested to eliminate the use of a set/reset to registers driving this RAMB pin or else use a synchronous reset in which the assertion of the reset is timed by default.
WARNING: [DRC REQP-1839] RAMB36 async control check: The RAMB36E1 core_0/cic_controller_inst/state_bram_inst/U0/inst_blk_mem_gen/gnbram.gnativebmg.native_blk_mem_gen/valid.cstr/ramloop[0].ram.r/prim_noinit.ram/DEVICE_7SERIES.NO_BMM_INFO.SP.SIMPLE_PRIM36.ram has an input control pin core_0/cic_controller_inst/state_bram_inst/U0/inst_blk_mem_gen/gnbram.gnativebmg.native_blk_mem_gen/valid.cstr/ramloop[0].ram.r/prim_noinit.ram/DEVICE_7SERIES.NO_BMM_INFO.SP.SIMPLE_PRIM36.ram/ADDRARDADDR[14] (net: core_0/cic_controller_inst/state_bram_inst/U0/inst_blk_mem_gen/gnbram.gnativebmg.native_blk_mem_gen/valid.cstr/ramloop[0].ram.r/prim_noinit.ram/addra[11]) which is driven by a register (core_0/cic_controller_inst/pixel_counter_reg[7]) that has an active asychronous set or reset. This may cause corruption of the memory contents and/or read values when the set/reset is asserted and is not analyzed by the default static timing analysis. It is suggested to eliminate the use of a set/reset to registers driving this RAMB pin or else use a synchronous reset in which the assertion of the reset is timed by default.
WARNING: [DRC REQP-1839] RAMB36 async control check: The RAMB36E1 core_0/cic_controller_inst/state_bram_inst/U0/inst_blk_mem_gen/gnbram.gnativebmg.native_blk_mem_gen/valid.cstr/ramloop[0].ram.r/prim_noinit.ram/DEVICE_7SERIES.NO_BMM_INFO.SP.SIMPLE_PRIM36.ram has an input control pin core_0/cic_controller_inst/state_bram_inst/U0/inst_blk_mem_gen/gnbram.gnativebmg.native_blk_mem_gen/valid.cstr/ramloop[0].ram.r/prim_noinit.ram/DEVICE_7SERIES.NO_BMM_INFO.SP.SIMPLE_PRIM36.ram/ADDRARDADDR[7] (net: core_0/cic_controller_inst/state_bram_inst/U0/inst_blk_mem_gen/gnbram.gnativebmg.native_blk_mem_gen/valid.cstr/ramloop[0].ram.r/prim_noinit.ram/addra[4]) which is driven by a register (core_0/cic_controller_inst/pixel_counter_reg[0]) that has an active asychronous set or reset. This may cause corruption of the memory contents and/or read values when the set/reset is asserted and is not analyzed by the default static timing analysis. It is suggested to eliminate the use of a set/reset to registers driving this RAMB pin or else use a synchronous reset in which the assertion of the reset is timed by default.
WARNING: [DRC REQP-1839] RAMB36 async control check: The RAMB36E1 core_0/cic_controller_inst/state_bram_inst/U0/inst_blk_mem_gen/gnbram.gnativebmg.native_blk_mem_gen/valid.cstr/ramloop[0].ram.r/prim_noinit.ram/DEVICE_7SERIES.NO_BMM_INFO.SP.SIMPLE_PRIM36.ram has an input control pin core_0/cic_controller_inst/state_bram_inst/U0/inst_blk_mem_gen/gnbram.gnativebmg.native_blk_mem_gen/valid.cstr/ramloop[0].ram.r/prim_noinit.ram/DEVICE_7SERIES.NO_BMM_INFO.SP.SIMPLE_PRIM36.ram/ADDRARDADDR[8] (net: core_0/cic_controller_inst/state_bram_inst/U0/inst_blk_mem_gen/gnbram.gnativebmg.native_blk_mem_gen/valid.cstr/ramloop[0].ram.r/prim_noinit.ram/addra[5]) which is driven by a register (core_0/cic_controller_inst/pixel_counter_reg[1]) that has an active asychronous set or reset. This may cause corruption of the memory contents and/or read values when the set/reset is asserted and is not analyzed by the default static timing analysis. It is suggested to eliminate the use of a set/reset to registers driving this RAMB pin or else use a synchronous reset in which the assertion of the reset is timed by default.
WARNING: [DRC REQP-1839] RAMB36 async control check: The RAMB36E1 core_0/cic_controller_inst/state_bram_inst/U0/inst_blk_mem_gen/gnbram.gnativebmg.native_blk_mem_gen/valid.cstr/ramloop[0].ram.r/prim_noinit.ram/DEVICE_7SERIES.NO_BMM_INFO.SP.SIMPLE_PRIM36.ram has an input control pin core_0/cic_controller_inst/state_bram_inst/U0/inst_blk_mem_gen/gnbram.gnativebmg.native_blk_mem_gen/valid.cstr/ramloop[0].ram.r/prim_noinit.ram/DEVICE_7SERIES.NO_BMM_INFO.SP.SIMPLE_PRIM36.ram/ADDRARDADDR[9] (net: core_0/cic_controller_inst/state_bram_inst/U0/inst_blk_mem_gen/gnbram.gnativebmg.native_blk_mem_gen/valid.cstr/ramloop[0].ram.r/prim_noinit.ram/addra[6]) which is driven by a register (core_0/cic_controller_inst/pixel_counter_reg[2]) that has an active asychronous set or reset. This may cause corruption of the memory contents and/or read values when the set/reset is asserted and is not analyzed by the default static timing analysis. It is suggested to eliminate the use of a set/reset to registers driving this RAMB pin or else use a synchronous reset in which the assertion of the reset is timed by default.
WARNING: [DRC REQP-1839] RAMB36 async control check: The RAMB36E1 core_0/cic_controller_inst/state_bram_inst/U0/inst_blk_mem_gen/gnbram.gnativebmg.native_blk_mem_gen/valid.cstr/ramloop[1].ram.r/prim_noinit.ram/DEVICE_7SERIES.NO_BMM_INFO.SP.SIMPLE_PRIM36.ram has an input control pin core_0/cic_controller_inst/state_bram_inst/U0/inst_blk_mem_gen/gnbram.gnativebmg.native_blk_mem_gen/valid.cstr/ramloop[1].ram.r/prim_noinit.ram/DEVICE_7SERIES.NO_BMM_INFO.SP.SIMPLE_PRIM36.ram/ADDRARDADDR[10] (net: core_0/cic_controller_inst/state_bram_inst/U0/inst_blk_mem_gen/gnbram.gnativebmg.native_blk_mem_gen/valid.cstr/ramloop[1].ram.r/prim_noinit.ram/addra[7]) which is driven by a register (core_0/cic_controller_inst/pixel_counter_reg[3]) that has an active asychronous set or reset. This may cause corruption of the memory contents and/or read values when the set/reset is asserted and is not analyzed by the default static timing analysis. It is suggested to eliminate the use of a set/reset to registers driving this RAMB pin or else use a synchronous reset in which the assertion of the reset is timed by default.
WARNING: [DRC REQP-1839] RAMB36 async control check: The RAMB36E1 core_0/cic_controller_inst/state_bram_inst/U0/inst_blk_mem_gen/gnbram.gnativebmg.native_blk_mem_gen/valid.cstr/ramloop[1].ram.r/prim_noinit.ram/DEVICE_7SERIES.NO_BMM_INFO.SP.SIMPLE_PRIM36.ram has an input control pin core_0/cic_controller_inst/state_bram_inst/U0/inst_blk_mem_gen/gnbram.gnativebmg.native_blk_mem_gen/valid.cstr/ramloop[1].ram.r/prim_noinit.ram/DEVICE_7SERIES.NO_BMM_INFO.SP.SIMPLE_PRIM36.ram/ADDRARDADDR[11] (net: core_0/cic_controller_inst/state_bram_inst/U0/inst_blk_mem_gen/gnbram.gnativebmg.native_blk_mem_gen/valid.cstr/ramloop[1].ram.r/prim_noinit.ram/addra[8]) which is driven by a register (core_0/cic_controller_inst/pixel_counter_reg[4]) that has an active asychronous set or reset. This may cause corruption of the memory contents and/or read values when the set/reset is asserted and is not analyzed by the default static timing analysis. It is suggested to eliminate the use of a set/reset to registers driving this RAMB pin or else use a synchronous reset in which the assertion of the reset is timed by default.
WARNING: [DRC REQP-1839] RAMB36 async control check: The RAMB36E1 core_0/cic_controller_inst/state_bram_inst/U0/inst_blk_mem_gen/gnbram.gnativebmg.native_blk_mem_gen/valid.cstr/ramloop[1].ram.r/prim_noinit.ram/DEVICE_7SERIES.NO_BMM_INFO.SP.SIMPLE_PRIM36.ram has an input control pin core_0/cic_controller_inst/state_bram_inst/U0/inst_blk_mem_gen/gnbram.gnativebmg.native_blk_mem_gen/valid.cstr/ramloop[1].ram.r/prim_noinit.ram/DEVICE_7SERIES.NO_BMM_INFO.SP.SIMPLE_PRIM36.ram/ADDRARDADDR[12] (net: core_0/cic_controller_inst/state_bram_inst/U0/inst_blk_mem_gen/gnbram.gnativebmg.native_blk_mem_gen/valid.cstr/ramloop[1].ram.r/prim_noinit.ram/addra[9]) which is driven by a register (core_0/cic_controller_inst/pixel_counter_reg[5]) that has an active asychronous set or reset. This may cause corruption of the memory contents and/or read values when the set/reset is asserted and is not analyzed by the default static timing analysis. It is suggested to eliminate the use of a set/reset to registers driving this RAMB pin or else use a synchronous reset in which the assertion of the reset is timed by default.
WARNING: [DRC REQP-1839] RAMB36 async control check: The RAMB36E1 core_0/cic_controller_inst/state_bram_inst/U0/inst_blk_mem_gen/gnbram.gnativebmg.native_blk_mem_gen/valid.cstr/ramloop[1].ram.r/prim_noinit.ram/DEVICE_7SERIES.NO_BMM_INFO.SP.SIMPLE_PRIM36.ram has an input control pin core_0/cic_controller_inst/state_bram_inst/U0/inst_blk_mem_gen/gnbram.gnativebmg.native_blk_mem_gen/valid.cstr/ramloop[1].ram.r/prim_noinit.ram/DEVICE_7SERIES.NO_BMM_INFO.SP.SIMPLE_PRIM36.ram/ADDRARDADDR[13] (net: core_0/cic_controller_inst/state_bram_inst/U0/inst_blk_mem_gen/gnbram.gnativebmg.native_blk_mem_gen/valid.cstr/ramloop[1].ram.r/prim_noinit.ram/addra[10]) which is driven by a register (core_0/cic_controller_inst/pixel_counter_reg[6]) that has an active asychronous set or reset. This may cause corruption of the memory contents and/or read values when the set/reset is asserted and is not analyzed by the default static timing analysis. It is suggested to eliminate the use of a set/reset to registers driving this RAMB pin or else use a synchronous reset in which the assertion of the reset is timed by default.
WARNING: [DRC REQP-1839] RAMB36 async control check: The RAMB36E1 core_0/cic_controller_inst/state_bram_inst/U0/inst_blk_mem_gen/gnbram.gnativebmg.native_blk_mem_gen/valid.cstr/ramloop[1].ram.r/prim_noinit.ram/DEVICE_7SERIES.NO_BMM_INFO.SP.SIMPLE_PRIM36.ram has an input control pin core_0/cic_controller_inst/state_bram_inst/U0/inst_blk_mem_gen/gnbram.gnativebmg.native_blk_mem_gen/valid.cstr/ramloop[1].ram.r/prim_noinit.ram/DEVICE_7SERIES.NO_BMM_INFO.SP.SIMPLE_PRIM36.ram/ADDRARDADDR[14] (net: core_0/cic_controller_inst/state_bram_inst/U0/inst_blk_mem_gen/gnbram.gnativebmg.native_blk_mem_gen/valid.cstr/ramloop[1].ram.r/prim_noinit.ram/addra[11]) which is driven by a register (core_0/cic_controller_inst/pixel_counter_reg[7]) that has an active asychronous set or reset. This may cause corruption of the memory contents and/or read values when the set/reset is asserted and is not analyzed by the default static timing analysis. It is suggested to eliminate the use of a set/reset to registers driving this RAMB pin or else use a synchronous reset in which the assertion of the reset is timed by default.
WARNING: [DRC REQP-1839] RAMB36 async control check: The RAMB36E1 core_0/cic_controller_inst/state_bram_inst/U0/inst_blk_mem_gen/gnbram.gnativebmg.native_blk_mem_gen/valid.cstr/ramloop[1].ram.r/prim_noinit.ram/DEVICE_7SERIES.NO_BMM_INFO.SP.SIMPLE_PRIM36.ram has an input control pin core_0/cic_controller_inst/state_bram_inst/U0/inst_blk_mem_gen/gnbram.gnativebmg.native_blk_mem_gen/valid.cstr/ramloop[1].ram.r/prim_noinit.ram/DEVICE_7SERIES.NO_BMM_INFO.SP.SIMPLE_PRIM36.ram/ADDRARDADDR[7] (net: core_0/cic_controller_inst/state_bram_inst/U0/inst_blk_mem_gen/gnbram.gnativebmg.native_blk_mem_gen/valid.cstr/ramloop[1].ram.r/prim_noinit.ram/addra[4]) which is driven by a register (core_0/cic_controller_inst/pixel_counter_reg[0]) that has an active asychronous set or reset. This may cause corruption of the memory contents and/or read values when the set/reset is asserted and is not analyzed by the default static timing analysis. It is suggested to eliminate the use of a set/reset to registers driving this RAMB pin or else use a synchronous reset in which the assertion of the reset is timed by default.
WARNING: [DRC REQP-1839] RAMB36 async control check: The RAMB36E1 core_0/cic_controller_inst/state_bram_inst/U0/inst_blk_mem_gen/gnbram.gnativebmg.native_blk_mem_gen/valid.cstr/ramloop[1].ram.r/prim_noinit.ram/DEVICE_7SERIES.NO_BMM_INFO.SP.SIMPLE_PRIM36.ram has an input control pin core_0/cic_controller_inst/state_bram_inst/U0/inst_blk_mem_gen/gnbram.gnativebmg.native_blk_mem_gen/valid.cstr/ramloop[1].ram.r/prim_noinit.ram/DEVICE_7SERIES.NO_BMM_INFO.SP.SIMPLE_PRIM36.ram/ADDRARDADDR[8] (net: core_0/cic_controller_inst/state_bram_inst/U0/inst_blk_mem_gen/gnbram.gnativebmg.native_blk_mem_gen/valid.cstr/ramloop[1].ram.r/prim_noinit.ram/addra[5]) which is driven by a register (core_0/cic_controller_inst/pixel_counter_reg[1]) that has an active asychronous set or reset. This may cause corruption of the memory contents and/or read values when the set/reset is asserted and is not analyzed by the default static timing analysis. It is suggested to eliminate the use of a set/reset to registers driving this RAMB pin or else use a synchronous reset in which the assertion of the reset is timed by default.
WARNING: [DRC REQP-1839] RAMB36 async control check: The RAMB36E1 core_0/cic_controller_inst/state_bram_inst/U0/inst_blk_mem_gen/gnbram.gnativebmg.native_blk_mem_gen/valid.cstr/ramloop[1].ram.r/prim_noinit.ram/DEVICE_7SERIES.NO_BMM_INFO.SP.SIMPLE_PRIM36.ram has an input control pin core_0/cic_controller_inst/state_bram_inst/U0/inst_blk_mem_gen/gnbram.gnativebmg.native_blk_mem_gen/valid.cstr/ramloop[1].ram.r/prim_noinit.ram/DEVICE_7SERIES.NO_BMM_INFO.SP.SIMPLE_PRIM36.ram/ADDRARDADDR[9] (net: core_0/cic_controller_inst/state_bram_inst/U0/inst_blk_mem_gen/gnbram.gnativebmg.native_blk_mem_gen/valid.cstr/ramloop[1].ram.r/prim_noinit.ram/addra[6]) which is driven by a register (core_0/cic_controller_inst/pixel_counter_reg[2]) that has an active asychronous set or reset. This may cause corruption of the memory contents and/or read values when the set/reset is asserted and is not analyzed by the default static timing analysis. It is suggested to eliminate the use of a set/reset to registers driving this RAMB pin or else use a synchronous reset in which the assertion of the reset is timed by default.
WARNING: [DRC REQP-1839] RAMB36 async control check: The RAMB36E1 core_0/cic_controller_inst/state_bram_inst/U0/inst_blk_mem_gen/gnbram.gnativebmg.native_blk_mem_gen/valid.cstr/ramloop[1].ram.r/prim_noinit.ram/DEVICE_7SERIES.NO_BMM_INFO.SP.SIMPLE_PRIM36.ram has an input control pin core_0/cic_controller_inst/state_bram_inst/U0/inst_blk_mem_gen/gnbram.gnativebmg.native_blk_mem_gen/valid.cstr/ramloop[1].ram.r/prim_noinit.ram/DEVICE_7SERIES.NO_BMM_INFO.SP.SIMPLE_PRIM36.ram/ENARDEN (net: core_0/cic_controller_inst/state_bram_inst/U0/inst_blk_mem_gen/gnbram.gnativebmg.native_blk_mem_gen/valid.cstr/ramloop[1].ram.r/prim_noinit.ram/DEVICE_7SERIES.NO_BMM_INFO.SP.SIMPLE_PRIM36.ram_ENARDEN_cooolgate_en_sig_17) which is driven by a register (core_0/cic_controller_inst/reg_load_en_d0_reg) that has an active asychronous set or reset. This may cause corruption of the memory contents and/or read values when the set/reset is asserted and is not analyzed by the default static timing analysis. It is suggested to eliminate the use of a set/reset to registers driving this RAMB pin or else use a synchronous reset in which the assertion of the reset is timed by default.
WARNING: [DRC REQP-1839] RAMB36 async control check: The RAMB36E1 core_0/cic_controller_inst/state_bram_inst/U0/inst_blk_mem_gen/gnbram.gnativebmg.native_blk_mem_gen/valid.cstr/ramloop[2].ram.r/prim_noinit.ram/DEVICE_7SERIES.NO_BMM_INFO.SP.SIMPLE_PRIM36.ram has an input control pin core_0/cic_controller_inst/state_bram_inst/U0/inst_blk_mem_gen/gnbram.gnativebmg.native_blk_mem_gen/valid.cstr/ramloop[2].ram.r/prim_noinit.ram/DEVICE_7SERIES.NO_BMM_INFO.SP.SIMPLE_PRIM36.ram/ADDRARDADDR[12] (net: core_0/cic_controller_inst/state_bram_inst/U0/inst_blk_mem_gen/gnbram.gnativebmg.native_blk_mem_gen/valid.cstr/ramloop[2].ram.r/prim_noinit.ram/addra[9]) which is driven by a register (core_0/cic_controller_inst/pixel_counter_reg[5]) that has an active asychronous set or reset. This may cause corruption of the memory contents and/or read values when the set/reset is asserted and is not analyzed by the default static timing analysis. It is suggested to eliminate the use of a set/reset to registers driving this RAMB pin or else use a synchronous reset in which the assertion of the reset is timed by default.
WARNING: [DRC REQP-1839] RAMB36 async control check: The RAMB36E1 core_0/cic_controller_inst/state_bram_inst/U0/inst_blk_mem_gen/gnbram.gnativebmg.native_blk_mem_gen/valid.cstr/ramloop[2].ram.r/prim_noinit.ram/DEVICE_7SERIES.NO_BMM_INFO.SP.SIMPLE_PRIM36.ram has an input control pin core_0/cic_controller_inst/state_bram_inst/U0/inst_blk_mem_gen/gnbram.gnativebmg.native_blk_mem_gen/valid.cstr/ramloop[2].ram.r/prim_noinit.ram/DEVICE_7SERIES.NO_BMM_INFO.SP.SIMPLE_PRIM36.ram/ADDRARDADDR[13] (net: core_0/cic_controller_inst/state_bram_inst/U0/inst_blk_mem_gen/gnbram.gnativebmg.native_blk_mem_gen/valid.cstr/ramloop[2].ram.r/prim_noinit.ram/addra[10]) which is driven by a register (core_0/cic_controller_inst/pixel_counter_reg[6]) that has an active asychronous set or reset. This may cause corruption of the memory contents and/or read values when the set/reset is asserted and is not analyzed by the default static timing analysis. It is suggested to eliminate the use of a set/reset to registers driving this RAMB pin or else use a synchronous reset in which the assertion of the reset is timed by default.
WARNING: [DRC REQP-1839] RAMB36 async control check: The RAMB36E1 core_0/cic_controller_inst/state_bram_inst/U0/inst_blk_mem_gen/gnbram.gnativebmg.native_blk_mem_gen/valid.cstr/ramloop[2].ram.r/prim_noinit.ram/DEVICE_7SERIES.NO_BMM_INFO.SP.SIMPLE_PRIM36.ram has an input control pin core_0/cic_controller_inst/state_bram_inst/U0/inst_blk_mem_gen/gnbram.gnativebmg.native_blk_mem_gen/valid.cstr/ramloop[2].ram.r/prim_noinit.ram/DEVICE_7SERIES.NO_BMM_INFO.SP.SIMPLE_PRIM36.ram/ADDRARDADDR[14] (net: core_0/cic_controller_inst/state_bram_inst/U0/inst_blk_mem_gen/gnbram.gnativebmg.native_blk_mem_gen/valid.cstr/ramloop[2].ram.r/prim_noinit.ram/addra[11]) which is driven by a register (core_0/cic_controller_inst/pixel_counter_reg[7]) that has an active asychronous set or reset. This may cause corruption of the memory contents and/or read values when the set/reset is asserted and is not analyzed by the default static timing analysis. It is suggested to eliminate the use of a set/reset to registers driving this RAMB pin or else use a synchronous reset in which the assertion of the reset is timed by default.
WARNING: [DRC REQP-1840] RAMB18 async control check: The RAMB18E1 core_0/ram_new/bram0/U0/inst_blk_mem_gen/gnbram.gnativebmg.native_blk_mem_gen/valid.cstr/ramloop[0].ram.r/prim_noinit.ram/DEVICE_7SERIES.NO_BMM_INFO.TRUE_DP.SIMPLE_PRIM18.ram has an input control pin core_0/ram_new/bram0/U0/inst_blk_mem_gen/gnbram.gnativebmg.native_blk_mem_gen/valid.cstr/ramloop[0].ram.r/prim_noinit.ram/DEVICE_7SERIES.NO_BMM_INFO.TRUE_DP.SIMPLE_PRIM18.ram/ADDRBWRADDR[0] (net: core_0/ram_new/bram0/U0/inst_blk_mem_gen/gnbram.gnativebmg.native_blk_mem_gen/valid.cstr/ramloop[0].ram.r/prim_noinit.ram/addrb[0]) which is driven by a register (core_0/cic_controller_inst/data_addr_counter_reg[0]) that has an active asychronous set or reset. This may cause corruption of the memory contents and/or read values when the set/reset is asserted and is not analyzed by the default static timing analysis. It is suggested to eliminate the use of a set/reset to registers driving this RAMB pin or else use a synchronous reset in which the assertion of the reset is timed by default.
WARNING: [DRC REQP-1840] RAMB18 async control check: The RAMB18E1 core_0/ram_new/bram0/U0/inst_blk_mem_gen/gnbram.gnativebmg.native_blk_mem_gen/valid.cstr/ramloop[0].ram.r/prim_noinit.ram/DEVICE_7SERIES.NO_BMM_INFO.TRUE_DP.SIMPLE_PRIM18.ram has an input control pin core_0/ram_new/bram0/U0/inst_blk_mem_gen/gnbram.gnativebmg.native_blk_mem_gen/valid.cstr/ramloop[0].ram.r/prim_noinit.ram/DEVICE_7SERIES.NO_BMM_INFO.TRUE_DP.SIMPLE_PRIM18.ram/ADDRBWRADDR[10] (net: core_0/ram_new/bram0/U0/inst_blk_mem_gen/gnbram.gnativebmg.native_blk_mem_gen/valid.cstr/ramloop[0].ram.r/prim_noinit.ram/addrb[10]) which is driven by a register (core_0/cic_controller_inst/data_addr_counter_reg[10]) that has an active asychronous set or reset. This may cause corruption of the memory contents and/or read values when the set/reset is asserted and is not analyzed by the default static timing analysis. It is suggested to eliminate the use of a set/reset to registers driving this RAMB pin or else use a synchronous reset in which the assertion of the reset is timed by default.
WARNING: [DRC REQP-1840] RAMB18 async control check: The RAMB18E1 core_0/ram_new/bram0/U0/inst_blk_mem_gen/gnbram.gnativebmg.native_blk_mem_gen/valid.cstr/ramloop[0].ram.r/prim_noinit.ram/DEVICE_7SERIES.NO_BMM_INFO.TRUE_DP.SIMPLE_PRIM18.ram has an input control pin core_0/ram_new/bram0/U0/inst_blk_mem_gen/gnbram.gnativebmg.native_blk_mem_gen/valid.cstr/ramloop[0].ram.r/prim_noinit.ram/DEVICE_7SERIES.NO_BMM_INFO.TRUE_DP.SIMPLE_PRIM18.ram/ADDRBWRADDR[11] (net: core_0/ram_new/bram0/U0/inst_blk_mem_gen/gnbram.gnativebmg.native_blk_mem_gen/valid.cstr/ramloop[0].ram.r/prim_noinit.ram/addrb[11]) which is driven by a register (core_0/cic_controller_inst/data_addr_counter_reg[11]) that has an active asychronous set or reset. This may cause corruption of the memory contents and/or read values when the set/reset is asserted and is not analyzed by the default static timing analysis. It is suggested to eliminate the use of a set/reset to registers driving this RAMB pin or else use a synchronous reset in which the assertion of the reset is timed by default.
WARNING: [DRC REQP-1840] RAMB18 async control check: The RAMB18E1 core_0/ram_new/bram0/U0/inst_blk_mem_gen/gnbram.gnativebmg.native_blk_mem_gen/valid.cstr/ramloop[0].ram.r/prim_noinit.ram/DEVICE_7SERIES.NO_BMM_INFO.TRUE_DP.SIMPLE_PRIM18.ram has an input control pin core_0/ram_new/bram0/U0/inst_blk_mem_gen/gnbram.gnativebmg.native_blk_mem_gen/valid.cstr/ramloop[0].ram.r/prim_noinit.ram/DEVICE_7SERIES.NO_BMM_INFO.TRUE_DP.SIMPLE_PRIM18.ram/ADDRBWRADDR[12] (net: core_0/ram_new/bram0/U0/inst_blk_mem_gen/gnbram.gnativebmg.native_blk_mem_gen/valid.cstr/ramloop[0].ram.r/prim_noinit.ram/addrb[12]_repN_alias) which is driven by a register (core_0/cic_controller_inst/read_start_reg[12]_replica) that has an active asychronous set or reset. This may cause corruption of the memory contents and/or read values when the set/reset is asserted and is not analyzed by the default static timing analysis. It is suggested to eliminate the use of a set/reset to registers driving this RAMB pin or else use a synchronous reset in which the assertion of the reset is timed by default.
WARNING: [DRC REQP-1840] RAMB18 async control check: The RAMB18E1 core_0/ram_new/bram0/U0/inst_blk_mem_gen/gnbram.gnativebmg.native_blk_mem_gen/valid.cstr/ramloop[0].ram.r/prim_noinit.ram/DEVICE_7SERIES.NO_BMM_INFO.TRUE_DP.SIMPLE_PRIM18.ram has an input control pin core_0/ram_new/bram0/U0/inst_blk_mem_gen/gnbram.gnativebmg.native_blk_mem_gen/valid.cstr/ramloop[0].ram.r/prim_noinit.ram/DEVICE_7SERIES.NO_BMM_INFO.TRUE_DP.SIMPLE_PRIM18.ram/ADDRBWRADDR[13] (net: core_0/ram_new/bram0/U0/inst_blk_mem_gen/gnbram.gnativebmg.native_blk_mem_gen/valid.cstr/ramloop[0].ram.r/prim_noinit.ram/addrb[13]) which is driven by a register (core_0/cic_controller_inst/read_start_reg[13]) that has an active asychronous set or reset. This may cause corruption of the memory contents and/or read values when the set/reset is asserted and is not analyzed by the default static timing analysis. It is suggested to eliminate the use of a set/reset to registers driving this RAMB pin or else use a synchronous reset in which the assertion of the reset is timed by default.
WARNING: [DRC REQP-1840] RAMB18 async control check: The RAMB18E1 core_0/ram_new/bram0/U0/inst_blk_mem_gen/gnbram.gnativebmg.native_blk_mem_gen/valid.cstr/ramloop[0].ram.r/prim_noinit.ram/DEVICE_7SERIES.NO_BMM_INFO.TRUE_DP.SIMPLE_PRIM18.ram has an input control pin core_0/ram_new/bram0/U0/inst_blk_mem_gen/gnbram.gnativebmg.native_blk_mem_gen/valid.cstr/ramloop[0].ram.r/prim_noinit.ram/DEVICE_7SERIES.NO_BMM_INFO.TRUE_DP.SIMPLE_PRIM18.ram/ADDRBWRADDR[1] (net: core_0/ram_new/bram0/U0/inst_blk_mem_gen/gnbram.gnativebmg.native_blk_mem_gen/valid.cstr/ramloop[0].ram.r/prim_noinit.ram/addrb[1]_repN_alias) which is driven by a register (core_0/cic_controller_inst/data_addr_counter_reg[1]_replica) that has an active asychronous set or reset. This may cause corruption of the memory contents and/or read values when the set/reset is asserted and is not analyzed by the default static timing analysis. It is suggested to eliminate the use of a set/reset to registers driving this RAMB pin or else use a synchronous reset in which the assertion of the reset is timed by default.
WARNING: [DRC REQP-1840] RAMB18 async control check: The RAMB18E1 core_0/ram_new/bram0/U0/inst_blk_mem_gen/gnbram.gnativebmg.native_blk_mem_gen/valid.cstr/ramloop[0].ram.r/prim_noinit.ram/DEVICE_7SERIES.NO_BMM_INFO.TRUE_DP.SIMPLE_PRIM18.ram has an input control pin core_0/ram_new/bram0/U0/inst_blk_mem_gen/gnbram.gnativebmg.native_blk_mem_gen/valid.cstr/ramloop[0].ram.r/prim_noinit.ram/DEVICE_7SERIES.NO_BMM_INFO.TRUE_DP.SIMPLE_PRIM18.ram/ADDRBWRADDR[2] (net: core_0/ram_new/bram0/U0/inst_blk_mem_gen/gnbram.gnativebmg.native_blk_mem_gen/valid.cstr/ramloop[0].ram.r/prim_noinit.ram/addrb[2]) which is driven by a register (core_0/cic_controller_inst/data_addr_counter_reg[2]) that has an active asychronous set or reset. This may cause corruption of the memory contents and/or read values when the set/reset is asserted and is not analyzed by the default static timing analysis. It is suggested to eliminate the use of a set/reset to registers driving this RAMB pin or else use a synchronous reset in which the assertion of the reset is timed by default.
WARNING: [DRC REQP-1840] RAMB18 async control check: The RAMB18E1 core_0/ram_new/bram0/U0/inst_blk_mem_gen/gnbram.gnativebmg.native_blk_mem_gen/valid.cstr/ramloop[0].ram.r/prim_noinit.ram/DEVICE_7SERIES.NO_BMM_INFO.TRUE_DP.SIMPLE_PRIM18.ram has an input control pin core_0/ram_new/bram0/U0/inst_blk_mem_gen/gnbram.gnativebmg.native_blk_mem_gen/valid.cstr/ramloop[0].ram.r/prim_noinit.ram/DEVICE_7SERIES.NO_BMM_INFO.TRUE_DP.SIMPLE_PRIM18.ram/ADDRBWRADDR[3] (net: core_0/ram_new/bram0/U0/inst_blk_mem_gen/gnbram.gnativebmg.native_blk_mem_gen/valid.cstr/ramloop[0].ram.r/prim_noinit.ram/addrb[3]) which is driven by a register (core_0/cic_controller_inst/data_addr_counter_reg[3]) that has an active asychronous set or reset. This may cause corruption of the memory contents and/or read values when the set/reset is asserted and is not analyzed by the default static timing analysis. It is suggested to eliminate the use of a set/reset to registers driving this RAMB pin or else use a synchronous reset in which the assertion of the reset is timed by default.
WARNING: [DRC REQP-1840] RAMB18 async control check: The RAMB18E1 core_0/ram_new/bram0/U0/inst_blk_mem_gen/gnbram.gnativebmg.native_blk_mem_gen/valid.cstr/ramloop[0].ram.r/prim_noinit.ram/DEVICE_7SERIES.NO_BMM_INFO.TRUE_DP.SIMPLE_PRIM18.ram has an input control pin core_0/ram_new/bram0/U0/inst_blk_mem_gen/gnbram.gnativebmg.native_blk_mem_gen/valid.cstr/ramloop[0].ram.r/prim_noinit.ram/DEVICE_7SERIES.NO_BMM_INFO.TRUE_DP.SIMPLE_PRIM18.ram/ADDRBWRADDR[4] (net: core_0/ram_new/bram0/U0/inst_blk_mem_gen/gnbram.gnativebmg.native_blk_mem_gen/valid.cstr/ramloop[0].ram.r/prim_noinit.ram/addrb[4]) which is driven by a register (core_0/cic_controller_inst/data_addr_counter_reg[4]) that has an active asychronous set or reset. This may cause corruption of the memory contents and/or read values when the set/reset is asserted and is not analyzed by the default static timing analysis. It is suggested to eliminate the use of a set/reset to registers driving this RAMB pin or else use a synchronous reset in which the assertion of the reset is timed by default.
WARNING: [DRC REQP-1840] RAMB18 async control check: The RAMB18E1 core_0/ram_new/bram0/U0/inst_blk_mem_gen/gnbram.gnativebmg.native_blk_mem_gen/valid.cstr/ramloop[0].ram.r/prim_noinit.ram/DEVICE_7SERIES.NO_BMM_INFO.TRUE_DP.SIMPLE_PRIM18.ram has an input control pin core_0/ram_new/bram0/U0/inst_blk_mem_gen/gnbram.gnativebmg.native_blk_mem_gen/valid.cstr/ramloop[0].ram.r/prim_noinit.ram/DEVICE_7SERIES.NO_BMM_INFO.TRUE_DP.SIMPLE_PRIM18.ram/ADDRBWRADDR[5] (net: core_0/ram_new/bram0/U0/inst_blk_mem_gen/gnbram.gnativebmg.native_blk_mem_gen/valid.cstr/ramloop[0].ram.r/prim_noinit.ram/addrb[5]) which is driven by a register (core_0/cic_controller_inst/data_addr_counter_reg[5]) that has an active asychronous set or reset. This may cause corruption of the memory contents and/or read values when the set/reset is asserted and is not analyzed by the default static timing analysis. It is suggested to eliminate the use of a set/reset to registers driving this RAMB pin or else use a synchronous reset in which the assertion of the reset is timed by default.
WARNING: [DRC REQP-1840] RAMB18 async control check: The RAMB18E1 core_0/ram_new/bram0/U0/inst_blk_mem_gen/gnbram.gnativebmg.native_blk_mem_gen/valid.cstr/ramloop[0].ram.r/prim_noinit.ram/DEVICE_7SERIES.NO_BMM_INFO.TRUE_DP.SIMPLE_PRIM18.ram has an input control pin core_0/ram_new/bram0/U0/inst_blk_mem_gen/gnbram.gnativebmg.native_blk_mem_gen/valid.cstr/ramloop[0].ram.r/prim_noinit.ram/DEVICE_7SERIES.NO_BMM_INFO.TRUE_DP.SIMPLE_PRIM18.ram/ADDRBWRADDR[6] (net: core_0/ram_new/bram0/U0/inst_blk_mem_gen/gnbram.gnativebmg.native_blk_mem_gen/valid.cstr/ramloop[0].ram.r/prim_noinit.ram/addrb[6]) which is driven by a register (core_0/cic_controller_inst/data_addr_counter_reg[6]) that has an active asychronous set or reset. This may cause corruption of the memory contents and/or read values when the set/reset is asserted and is not analyzed by the default static timing analysis. It is suggested to eliminate the use of a set/reset to registers driving this RAMB pin or else use a synchronous reset in which the assertion of the reset is timed by default.
WARNING: [DRC REQP-1840] RAMB18 async control check: The RAMB18E1 core_0/ram_new/bram0/U0/inst_blk_mem_gen/gnbram.gnativebmg.native_blk_mem_gen/valid.cstr/ramloop[0].ram.r/prim_noinit.ram/DEVICE_7SERIES.NO_BMM_INFO.TRUE_DP.SIMPLE_PRIM18.ram has an input control pin core_0/ram_new/bram0/U0/inst_blk_mem_gen/gnbram.gnativebmg.native_blk_mem_gen/valid.cstr/ramloop[0].ram.r/prim_noinit.ram/DEVICE_7SERIES.NO_BMM_INFO.TRUE_DP.SIMPLE_PRIM18.ram/ADDRBWRADDR[7] (net: core_0/ram_new/bram0/U0/inst_blk_mem_gen/gnbram.gnativebmg.native_blk_mem_gen/valid.cstr/ramloop[0].ram.r/prim_noinit.ram/addrb[7]) which is driven by a register (core_0/cic_controller_inst/data_addr_counter_reg[7]) that has an active asychronous set or reset. This may cause corruption of the memory contents and/or read values when the set/reset is asserted and is not analyzed by the default static timing analysis. It is suggested to eliminate the use of a set/reset to registers driving this RAMB pin or else use a synchronous reset in which the assertion of the reset is timed by default.
WARNING: [DRC REQP-1840] RAMB18 async control check: The RAMB18E1 core_0/ram_new/bram0/U0/inst_blk_mem_gen/gnbram.gnativebmg.native_blk_mem_gen/valid.cstr/ramloop[0].ram.r/prim_noinit.ram/DEVICE_7SERIES.NO_BMM_INFO.TRUE_DP.SIMPLE_PRIM18.ram has an input control pin core_0/ram_new/bram0/U0/inst_blk_mem_gen/gnbram.gnativebmg.native_blk_mem_gen/valid.cstr/ramloop[0].ram.r/prim_noinit.ram/DEVICE_7SERIES.NO_BMM_INFO.TRUE_DP.SIMPLE_PRIM18.ram/ADDRBWRADDR[8] (net: core_0/ram_new/bram0/U0/inst_blk_mem_gen/gnbram.gnativebmg.native_blk_mem_gen/valid.cstr/ramloop[0].ram.r/prim_noinit.ram/addrb[8]) which is driven by a register (core_0/cic_controller_inst/data_addr_counter_reg[8]) that has an active asychronous set or reset. This may cause corruption of the memory contents and/or read values when the set/reset is asserted and is not analyzed by the default static timing analysis. It is suggested to eliminate the use of a set/reset to registers driving this RAMB pin or else use a synchronous reset in which the assertion of the reset is timed by default.
WARNING: [DRC REQP-1840] RAMB18 async control check: The RAMB18E1 core_0/ram_new/bram0/U0/inst_blk_mem_gen/gnbram.gnativebmg.native_blk_mem_gen/valid.cstr/ramloop[0].ram.r/prim_noinit.ram/DEVICE_7SERIES.NO_BMM_INFO.TRUE_DP.SIMPLE_PRIM18.ram has an input control pin core_0/ram_new/bram0/U0/inst_blk_mem_gen/gnbram.gnativebmg.native_blk_mem_gen/valid.cstr/ramloop[0].ram.r/prim_noinit.ram/DEVICE_7SERIES.NO_BMM_INFO.TRUE_DP.SIMPLE_PRIM18.ram/ADDRBWRADDR[9] (net: core_0/ram_new/bram0/U0/inst_blk_mem_gen/gnbram.gnativebmg.native_blk_mem_gen/valid.cstr/ramloop[0].ram.r/prim_noinit.ram/addrb[9]) which is driven by a register (core_0/cic_controller_inst/data_addr_counter_reg[9]) that has an active asychronous set or reset. This may cause corruption of the memory contents and/or read values when the set/reset is asserted and is not analyzed by the default static timing analysis. It is suggested to eliminate the use of a set/reset to registers driving this RAMB pin or else use a synchronous reset in which the assertion of the reset is timed by default.
WARNING: [DRC REQP-1840] RAMB18 async control check: The RAMB18E1 core_0/ram_new/bram1/U0/inst_blk_mem_gen/gnbram.gnativebmg.native_blk_mem_gen/valid.cstr/ramloop[0].ram.r/prim_noinit.ram/DEVICE_7SERIES.NO_BMM_INFO.TRUE_DP.SIMPLE_PRIM18.ram has an input control pin core_0/ram_new/bram1/U0/inst_blk_mem_gen/gnbram.gnativebmg.native_blk_mem_gen/valid.cstr/ramloop[0].ram.r/prim_noinit.ram/DEVICE_7SERIES.NO_BMM_INFO.TRUE_DP.SIMPLE_PRIM18.ram/ADDRBWRADDR[10] (net: core_0/ram_new/bram1/U0/inst_blk_mem_gen/gnbram.gnativebmg.native_blk_mem_gen/valid.cstr/ramloop[0].ram.r/prim_noinit.ram/addrb[10]_repN_alias) which is driven by a register (core_0/cic_controller_inst/data_addr_counter_reg[10]_replica) that has an active asychronous set or reset. This may cause corruption of the memory contents and/or read values when the set/reset is asserted and is not analyzed by the default static timing analysis. It is suggested to eliminate the use of a set/reset to registers driving this RAMB pin or else use a synchronous reset in which the assertion of the reset is timed by default.
WARNING: [DRC REQP-1840] RAMB18 async control check: The RAMB18E1 core_0/ram_new/bram1/U0/inst_blk_mem_gen/gnbram.gnativebmg.native_blk_mem_gen/valid.cstr/ramloop[0].ram.r/prim_noinit.ram/DEVICE_7SERIES.NO_BMM_INFO.TRUE_DP.SIMPLE_PRIM18.ram has an input control pin core_0/ram_new/bram1/U0/inst_blk_mem_gen/gnbram.gnativebmg.native_blk_mem_gen/valid.cstr/ramloop[0].ram.r/prim_noinit.ram/DEVICE_7SERIES.NO_BMM_INFO.TRUE_DP.SIMPLE_PRIM18.ram/ADDRBWRADDR[11] (net: core_0/ram_new/bram1/U0/inst_blk_mem_gen/gnbram.gnativebmg.native_blk_mem_gen/valid.cstr/ramloop[0].ram.r/prim_noinit.ram/addrb[11]_repN_alias) which is driven by a register (core_0/cic_controller_inst/data_addr_counter_reg[11]_replica) that has an active asychronous set or reset. This may cause corruption of the memory contents and/or read values when the set/reset is asserted and is not analyzed by the default static timing analysis. It is suggested to eliminate the use of a set/reset to registers driving this RAMB pin or else use a synchronous reset in which the assertion of the reset is timed by default.
WARNING: [DRC REQP-1840] RAMB18 async control check: The RAMB18E1 core_0/ram_new/bram1/U0/inst_blk_mem_gen/gnbram.gnativebmg.native_blk_mem_gen/valid.cstr/ramloop[0].ram.r/prim_noinit.ram/DEVICE_7SERIES.NO_BMM_INFO.TRUE_DP.SIMPLE_PRIM18.ram has an input control pin core_0/ram_new/bram1/U0/inst_blk_mem_gen/gnbram.gnativebmg.native_blk_mem_gen/valid.cstr/ramloop[0].ram.r/prim_noinit.ram/DEVICE_7SERIES.NO_BMM_INFO.TRUE_DP.SIMPLE_PRIM18.ram/ADDRBWRADDR[12] (net: core_0/ram_new/bram1/U0/inst_blk_mem_gen/gnbram.gnativebmg.native_blk_mem_gen/valid.cstr/ramloop[0].ram.r/prim_noinit.ram/addrb[12]_repN_alias) which is driven by a register (core_0/cic_controller_inst/read_start_reg[12]_replica) that has an active asychronous set or reset. This may cause corruption of the memory contents and/or read values when the set/reset is asserted and is not analyzed by the default static timing analysis. It is suggested to eliminate the use of a set/reset to registers driving this RAMB pin or else use a synchronous reset in which the assertion of the reset is timed by default.
WARNING: [DRC REQP-1840] RAMB18 async control check: The RAMB18E1 core_0/ram_new/bram1/U0/inst_blk_mem_gen/gnbram.gnativebmg.native_blk_mem_gen/valid.cstr/ramloop[0].ram.r/prim_noinit.ram/DEVICE_7SERIES.NO_BMM_INFO.TRUE_DP.SIMPLE_PRIM18.ram has an input control pin core_0/ram_new/bram1/U0/inst_blk_mem_gen/gnbram.gnativebmg.native_blk_mem_gen/valid.cstr/ramloop[0].ram.r/prim_noinit.ram/DEVICE_7SERIES.NO_BMM_INFO.TRUE_DP.SIMPLE_PRIM18.ram/ADDRBWRADDR[13] (net: core_0/ram_new/bram1/U0/inst_blk_mem_gen/gnbram.gnativebmg.native_blk_mem_gen/valid.cstr/ramloop[0].ram.r/prim_noinit.ram/addrb[13]_repN_alias) which is driven by a register (core_0/cic_controller_inst/read_start_reg[13]_replica) that has an active asychronous set or reset. This may cause corruption of the memory contents and/or read values when the set/reset is asserted and is not analyzed by the default static timing analysis. It is suggested to eliminate the use of a set/reset to registers driving this RAMB pin or else use a synchronous reset in which the assertion of the reset is timed by default.
WARNING: [DRC REQP-1840] RAMB18 async control check: The RAMB18E1 core_0/ram_new/bram1/U0/inst_blk_mem_gen/gnbram.gnativebmg.native_blk_mem_gen/valid.cstr/ramloop[0].ram.r/prim_noinit.ram/DEVICE_7SERIES.NO_BMM_INFO.TRUE_DP.SIMPLE_PRIM18.ram has an input control pin core_0/ram_new/bram1/U0/inst_blk_mem_gen/gnbram.gnativebmg.native_blk_mem_gen/valid.cstr/ramloop[0].ram.r/prim_noinit.ram/DEVICE_7SERIES.NO_BMM_INFO.TRUE_DP.SIMPLE_PRIM18.ram/ADDRBWRADDR[8] (net: core_0/ram_new/bram1/U0/inst_blk_mem_gen/gnbram.gnativebmg.native_blk_mem_gen/valid.cstr/ramloop[0].ram.r/prim_noinit.ram/addrb[8]) which is driven by a register (core_0/cic_controller_inst/data_addr_counter_reg[8]) that has an active asychronous set or reset. This may cause corruption of the memory contents and/or read values when the set/reset is asserted and is not analyzed by the default static timing analysis. It is suggested to eliminate the use of a set/reset to registers driving this RAMB pin or else use a synchronous reset in which the assertion of the reset is timed by default.
WARNING: [DRC REQP-1840] RAMB18 async control check: The RAMB18E1 core_0/ram_new/bram1/U0/inst_blk_mem_gen/gnbram.gnativebmg.native_blk_mem_gen/valid.cstr/ramloop[0].ram.r/prim_noinit.ram/DEVICE_7SERIES.NO_BMM_INFO.TRUE_DP.SIMPLE_PRIM18.ram has an input control pin core_0/ram_new/bram1/U0/inst_blk_mem_gen/gnbram.gnativebmg.native_blk_mem_gen/valid.cstr/ramloop[0].ram.r/prim_noinit.ram/DEVICE_7SERIES.NO_BMM_INFO.TRUE_DP.SIMPLE_PRIM18.ram/ADDRBWRADDR[9] (net: core_0/ram_new/bram1/U0/inst_blk_mem_gen/gnbram.gnativebmg.native_blk_mem_gen/valid.cstr/ramloop[0].ram.r/prim_noinit.ram/addrb[9]_repN_alias) which is driven by a register (core_0/cic_controller_inst/data_addr_counter_reg[9]_replica) that has an active asychronous set or reset. This may cause corruption of the memory contents and/or read values when the set/reset is asserted and is not analyzed by the default static timing analysis. It is suggested to eliminate the use of a set/reset to registers driving this RAMB pin or else use a synchronous reset in which the assertion of the reset is timed by default.
WARNING: [DRC RTSTAT-10] No routable loads: 3 net(s) have no routable loads. The problem bus(es) and/or net(s) are output_terminal_inst/uart_fifo_inst/U0/inst_fifo_gen/gconvfifo.rf/grf.rf/gntv_or_sync_fifo.gl0.wr/gwss.wsts/ram_afull_fb, output_terminal_inst/uart_fifo_inst/U0/inst_fifo_gen/gconvfifo.rf/grf.rf/gntv_or_sync_fifo.gl0.wr/gwss.wsts/ram_afull_i, and output_fifo/U0/inst_fifo_gen/gconvfifo.rf/grf.rf/gntv_or_sync_fifo.gl0.rd/gras.rsts/ram_empty_i.
INFO: [Vivado 12-3199] DRC finished with 0 Errors, 44 Warnings
INFO: [Vivado 12-3200] Please refer to the DRC report (report_drc) for more information.
INFO: [Designutils 20-2272] Running write_bitstream with 2 threads.
Loading data files...
Loading site data...
Loading route data...
Processing options...
Creating bitmap...
Creating bitstream...
Writing bitstream ./simple_io.bit...
Writing bitstream ./simple_io.bin...
INFO: [Vivado 12-1842] Bitgen Completed Successfully.
INFO: [Project 1-1876] WebTalk data collection is mandatory when using a ULT device. To see the specific WebTalk data collected for your design, open the usage_statistics_webtalk.html or usage_statistics_webtalk.xml file in the implementation directory.
INFO: [Common 17-83] Releasing license: Implementation
278 Infos, 51 Warnings, 3 Critical Warnings and 0 Errors encountered.
write_bitstream completed successfully
write_bitstream: Time (s): cpu = 00:00:08 ; elapsed = 00:00:06 . Memory (MB): peak = 2770.746 ; gain = 395.219
INFO: [Common 17-206] Exiting Vivado at Tue Mar  4 22:46:32 2025...
